player_id,slot,position,position_code
abrinal01,1,Shooting Guard,SG
achiupr01,1,Center,C
achiupr01,2,Power Forward,PF
acyqu01,1,Power Forward,PF
acyqu01,2,Small Forward,SF
adamsja01,1,Point Guard,PG
adamsst01,1,Center,C
adebaba01,1,Center,C
adebaba01,2,Power Forward,PF
adelde01,1,Small Forward,SF
agbajoc01,1,Shooting Guard,SG
akoonde01,1,Shooting Guard,SG
aldamsa01,1,Power Forward,PF
aldrila01,1,Power Forward,PF
aldrila01,2,Center,C
alexaky01,1,Center,C
alexani01,1,Shooting Guard,SG
alexatr01,1,Shooting Guard,SG
alexaty01,1,Shooting Guard,SG
alkinra01,1,Shooting Guard,SG
allengr01,1,Shooting Guard,SG
allenja01,1,Center,C
allenka01,1,Point Guard,PG
allenti01,1,Small Forward,SF
alvarjo01,1,Point Guard,PG
aminual01,1,Power Forward,PF
aminual01,2,Small Forward,SF
anderju01,1,Small Forward,SF
anderju01,2,Shooting Guard,SG
anderky01,1,Small Forward,SF
anderky01,2,Power Forward,PF
anderry01,1,Power Forward,PF
anderry01,2,Center,C
anigbik01,1,Center,C
antetgi01,1,Power Forward,PF
antetgi01,2,Small Forward,SF
antetgi01,3,Point Guard,PG
antetgi01,4,Shooting Guard,SG
antetko01,1,Power Forward,PF
antetko01,2,Small Forward,SF
antetth01,1,Small Forward,SF
antetth01,2,Power Forward,PF
anthoca01,1,Small Forward,SF
anthoca01,2,Power Forward,PF
anthoco01,1,Point Guard,PG
anunoog01,1,Small Forward,SF
anunoog01,2,Power Forward,PF
arcidry01,1,Point Guard,PG
arizatr01,1,Small Forward,SF
arizatr01,2,Shooting Guard,SG
armeltr01,1,Small Forward,SF
augusdj01,1,Point Guard,PG
avdijde01,1,Small Forward,SF
ayayijo01,1,Shooting Guard,SG
aytonde01,1,Center,C
azubuud01,1,Center,C
bacondw01,1,Shooting Guard,SG
badjiib01,1,Center,C
baglema01,1,Center,C
baglema01,2,Power Forward,PF
baglema02,1,Small Forward,SF
baileam01,1,Point Guard,PG
bakerro01,1,Shooting Guard,SG
baldwpa01,1,Small Forward,SF
baldwwa01,1,Point Guard,PG
ballla01,1,Point Guard,PG
balllo01,1,Point Guard,PG
bambamo01,1,Center,C
banchpa01,1,Power Forward,PF
banede01,1,Shooting Guard,SG
bantoda01,1,Point Guard,PG
barbeca01,1,Point Guard,PG
bareajo01,1,Point Guard,PG
bareajo01,2,Shooting Guard,SG
barlodo01,1,Small Forward,SF
barlodo01,2,Power Forward,PF
barneha02,1,Power Forward,PF
barneha02,2,Small Forward,SF
barnesc01,1,Power Forward,PF
barnesc01,2,Shooting Guard,SG
barnesc01,3,Small Forward,SF
barrerj01,1,Shooting Guard,SG
barrerj01,2,Small Forward,SF
bartowi01,1,Shooting Guard,SG
bartowi01,2,Small Forward,SF
bassech01,1,Center,C
basspa01,1,Small Forward,SF
batesem01,1,Small Forward,SF
bateske01,1,Small Forward,SF
bateske01,2,Power Forward,PF
battlja01,1,Small Forward,SF
batumni01,1,Small Forward,SF
batumni01,2,Power Forward,PF
batumni01,3,Shooting Guard,SG
baughda01,1,Shooting Guard,SG
bayleje01,1,Point Guard,PG
bayleje01,2,Shooting Guard,SG
baynear01,1,Center,C
bazemke01,1,Shooting Guard,SG
bazemke01,2,Small Forward,SF
bazleda01,1,Power Forward,PF
bazleda01,2,Center,C
bealbr01,1,Shooting Guard,SG
beaslma01,1,Shooting Guard,SG
beaslmi01,1,Power Forward,PF
beaslmi01,2,Small Forward,SF
beaucma01,1,Small Forward,SF
beekmre01,1,Point Guard,PG
belinma01,1,Shooting Guard,SG
belinma01,2,Small Forward,SF
belljo01,1,Center,C
bembrde01,1,Small Forward,SF
bembrde01,2,Shooting Guard,SG
bendedr01,1,Power Forward,PF
bendedr01,2,Center,C
bernaju01,1,Shooting Guard,SG
bertada01,1,Power Forward,PF
bertada02,1,Shooting Guard,SG
beverpa01,1,Point Guard,PG
beverpa01,2,Shooting Guard,SG
beysa01,1,Small Forward,SF
beyty01,1,Small Forward,SF
birchkh01,1,Center,C
bitadgo01,1,Center,C
bitimon01,1,Shooting Guard,SG
biyombi01,1,Center,C
bjeline01,1,Power Forward,PF
bjeline01,2,Center,C
blackan01,1,Point Guard,PG
blackle01,1,Small Forward,SF
blakean01,1,Shooting Guard,SG
bledser01,1,Point Guard,PG
bledser01,2,Shooting Guard,SG
blevike01,1,Small Forward,SF
blossja01,1,Small Forward,SF
boehebu01,1,Small Forward,SF
bogdabo01,1,Shooting Guard,SG
bogdabo02,1,Small Forward,SF
bogdabo02,2,Power Forward,PF
bogutan01,1,Center,C
bogutan01,2,Power Forward,PF
bolbo01,1,Power Forward,PF
boldejo01,1,Center,C
boldejo01,2,Power Forward,PF
boldema01,1,Center,C
bolmale01,1,Small Forward,SF
bolmale01,2,Shooting Guard,SG
bonaad01,1,Center,C
bonaad01,2,Power Forward,PF
bonejo01,1,Point Guard,PG
bongais01,1,Small Forward,SF
bongais01,2,Point Guard,PG
bookede01,1,Shooting Guard,SG
bookede01,2,Point Guard,PG
bostobr01,1,Shooting Guard,SG
bostobr01,2,Small Forward,SF
bouchch01,1,Power Forward,PF
bouchch01,2,Center,C
bouchch01,3,Small Forward,SF
bouknja01,1,Shooting Guard,SG
bouyeja01,1,Point Guard,PG
bowenbr02,1,Small Forward,SF
bowmaky01,1,Point Guard,PG
bradlav01,1,Shooting Guard,SG
bradlav01,2,Point Guard,PG
bradlto01,1,Center,C
branhma01,1,Shooting Guard,SG
branhma01,2,Point Guard,PG
brantja01,1,Power Forward,PF
braunch01,1,Shooting Guard,SG
brazdig01,1,Small Forward,SF
breweco01,1,Small Forward,SF
breweco01,2,Shooting Guard,SG
breweco01,3,Power Forward,PF
bridgja01,1,Small Forward,SF
bridgmi01,1,Small Forward,SF
bridgmi01,2,Shooting Guard,SG
bridgmi02,1,Small Forward,SF
bridgmi02,2,Power Forward,PF
brimaam01,1,Center,C
briscis01,1,Point Guard,PG
brissos01,1,Small Forward,SF
brissos01,2,Power Forward,PF
brockiz01,1,Point Guard,PG
broekry01,1,Small Forward,SF
broekry01,2,Shooting Guard,SG
brogdma01,1,Point Guard,PG
brogdma01,2,Shooting Guard,SG
brookar01,1,Point Guard,PG
brookar01,2,Shooting Guard,SG
brookdi01,1,Small Forward,SF
brookdi01,2,Shooting Guard,SG
brookke02,1,Small Forward,SF
brookma01,1,Shooting Guard,SG
brownbr01,1,Point Guard,PG
brownbr01,2,Small Forward,SF
brownbr01,3,Shooting Guard,SG
brownch02,1,Shooting Guard,SG
brownch05,1,Shooting Guard,SG
brownch05,2,Small Forward,SF
browngr01,1,Power Forward,PF
browngr01,2,Small Forward,SF
brownja02,1,Small Forward,SF
brownja02,2,Shooting Guard,SG
brownke03,1,Shooting Guard,SG
brownko01,1,Power Forward,PF
brownlo01,1,Point Guard,PG
brownmo01,1,Center,C
brownst02,1,Shooting Guard,SG
brownst02,2,Small Forward,SF
browntr01,1,Small Forward,SF
brunsja01,1,Point Guard,PG
brunsja01,2,Shooting Guard,SG
bryanel01,1,Shooting Guard,SG
bryanth01,1,Center,C
buchash01,1,Shooting Guard,SG
bufkiko01,1,Shooting Guard,SG
bullore01,1,Small Forward,SF
bullore01,2,Shooting Guard,SG
burketr01,1,Point Guard,PG
burksal01,1,Shooting Guard,SG
burksal01,2,Small Forward,SF
burtode02,1,Power Forward,PF
burtode02,2,Small Forward,SF
burtode02,3,Shooting Guard,SG
butleja02,1,Point Guard,PG
butleja02,2,Shooting Guard,SG
butleji01,1,Small Forward,SF
butleji01,2,Shooting Guard,SG
butleji01,3,Power Forward,PF
butlejo01,1,Center,C
buzelma01,1,Small Forward,SF
cabocbr01,1,Small Forward,SF
cabocbr01,2,Center,C
cabocbr01,3,Power Forward,PF
cacokde01,1,Power Forward,PF
cacokde01,2,Center,C
cainja01,1,Power Forward,PF
cainja01,2,Small Forward,SF
caldejo01,1,Point Guard,PG
caldejo01,2,Shooting Guard,SG
caldwke01,1,Shooting Guard,SG
camarto01,1,Power Forward,PF
campafa01,1,Point Guard,PG
canaais01,1,Point Guard,PG
canaais01,2,Shooting Guard,SG
cancavl01,1,Power Forward,PF
cannade01,1,Point Guard,PG
capelca01,1,Center,C
careyve01,1,Center,C
carlsbr01,1,Center,C
carrica01,1,Point Guard,PG
carrode01,1,Small Forward,SF
carrode01,2,Power Forward,PF
carrode01,3,Center,C
cartede02,1,Point Guard,PG
carteje01,1,Point Guard,PG
cartemi01,1,Point Guard,PG
cartemi01,2,Shooting Guard,SG
cartevi01,1,Shooting Guard,SG
cartevi01,2,Small Forward,SF
cartevi01,3,Power Forward,PF
cartewe01,1,Center,C
cartewe01,2,Power Forward,PF
cartodj01,1,Shooting Guard,SG
carusal01,1,Point Guard,PG
carusal01,2,Shooting Guard,SG
casspom01,1,Small Forward,SF
casspom01,2,Power Forward,PF
castlco01,1,Center,C
castlco01,2,Power Forward,PF
castlst01,1,Point Guard,PG
caulewi01,1,Center,C
caupatr01,1,Point Guard,PG
cavanty01,1,Power Forward,PF
caverah01,1,Shooting Guard,SG
cazalma01,1,Shooting Guard,SG
champju01,1,Small Forward,SF
champju02,1,Small Forward,SF
chandke01,1,Point Guard,PG
chandty01,1,Center,C
chandty01,2,Power Forward,PF
chandwi01,1,Small Forward,SF
chandwi01,2,Power Forward,PF
chandwi01,3,Shooting Guard,SG
chealjo01,1,Point Guard,PG
cheatzy01,1,Small Forward,SF
cheatzy01,2,Power Forward,PF
chiozch01,1,Point Guard,PG
chomcul01,1,Power Forward,PF
chrisca02,1,Shooting Guard,SG
chrisjo01,1,Shooting Guard,SG
chrisma01,1,Power Forward,PF
chrisma02,1,Shooting Guard,SG
cissosi01,1,Small Forward,SF
clarkbr01,1,Power Forward,PF
clarkga01,1,Power Forward,PF
clarkga01,2,Small Forward,SF
clarkia01,1,Shooting Guard,SG
clarkja02,1,Shooting Guard,SG
clarkjo01,1,Shooting Guard,SG
clarkjo01,2,Point Guard,PG
claxtni01,1,Center,C
clemoch01,1,Shooting Guard,SG
clevean01,1,Shooting Guard,SG
clingdo01,1,Center,C
clownno01,1,Power Forward,PF
coffeam01,1,Shooting Guard,SG
coffeam01,2,Small Forward,SF
collida01,1,Point Guard,PG
colliis01,1,Point Guard,PG
collijo01,1,Power Forward,PF
colliyu01,1,Point Guard,PG
colliza01,1,Center,C
colliza01,2,Power Forward,PF
colsobo01,1,Small Forward,SF
comanch01,1,Center,C
conlemi01,1,Point Guard,PG
connapa01,1,Shooting Guard,SG
connapa01,2,Small Forward,SF
cookqu01,1,Point Guard,PG
cooksxa01,1,Power Forward,PF
cookty01,1,Power Forward,PF
cookty01,2,Small Forward,SF
coopesh01,1,Point Guard,PG
cornepe01,1,Power Forward,PF
coulibi01,1,Small Forward,SF
councri01,1,Shooting Guard,SG
councri01,2,Small Forward,SF
couside01,1,Center,C
covinro01,1,Small Forward,SF
covinro01,2,Power Forward,PF
covinro01,3,Center,C
crabbal01,1,Shooting Guard,SG
crabbal01,2,Small Forward,SF
craigto01,1,Small Forward,SF
craigto01,2,Power Forward,PF
crawfis01,1,Small Forward,SF
crawfja01,1,Shooting Guard,SG
crawfja01,2,Point Guard,PG
creekmi01,1,Small Forward,SF
crowdja01,1,Small Forward,SF
crowdja01,2,Power Forward,PF
crutcja01,1,Point Guard,PG
cuiyo01,1,Shooting Guard,SG
culveja01,1,Shooting Guard,SG
culveja01,2,Small Forward,SF
cumbeja01,1,Shooting Guard,SG
cunnica01,1,Point Guard,PG
cunnica01,2,Shooting Guard,SG
cunnida01,1,Power Forward,PF
cunnida01,2,Small Forward,SF
curryse01,1,Shooting Guard,SG
curryse01,2,Point Guard,PG
curryst01,1,Point Guard,PG
dadiepa01,1,Shooting Guard,SG
daniedy01,1,Point Guard,PG
daniedy01,2,Shooting Guard,SG
danietr01,1,Shooting Guard,SG
darlina01,1,Shooting Guard,SG
dasiltr01,1,Small Forward,SF
davisan02,1,Center,C
davisan02,2,Power Forward,PF
davisde01,1,Center,C
davised01,1,Power Forward,PF
davised01,2,Center,C
davisjd01,1,Shooting Guard,SG
davisjd01,2,Point Guard,PG
davisjo06,1,Shooting Guard,SG
daviste02,1,Shooting Guard,SG
davisty01,1,Center,C
daysda01,1,Power Forward,PF
daysda01,2,Small Forward,SF
deckga01,1,Power Forward,PF
dedmode01,1,Center,C
dekkesa01,1,Power Forward,PF
delauja01,1,Center,C
delgaan01,1,Center,C
dellama01,1,Point Guard,PG
dellama01,2,Shooting Guard,SG
denglu01,1,Small Forward,SF
denglu01,2,Power Forward,PF
dennide01,1,Shooting Guard,SG
dennira01,1,Point Guard,PG
derozde01,1,Shooting Guard,SG
derozde01,2,Small Forward,SF
derozde01,3,Power Forward,PF
derrima01,1,Power Forward,PF
diabamo01,1,Center,C
diakima01,1,Power Forward,PF
diakima01,2,Center,C
diallch01,1,Center,C
diallch01,2,Power Forward,PF
diallha01,1,Small Forward,SF
diallha01,2,Shooting Guard,SG
dickgr01,1,Shooting Guard,SG
dienggo01,1,Center,C
dienggo01,2,Power Forward,PF
diengou01,1,Power Forward,PF
diengou01,2,Center,C
dilliro01,1,Point Guard,PG
dinwisp01,1,Point Guard,PG
dinwisp01,2,Shooting Guard,SG
divindo01,1,Shooting Guard,SG
doncilu01,1,Point Guard,PG
doncilu01,2,Shooting Guard,SG
dorsety01,1,Shooting Guard,SG
dorsety01,2,Small Forward,SF
dortlu01,1,Small Forward,SF
dortlu01,2,Shooting Guard,SG
dosunay01,1,Shooting Guard,SG
dotsoda01,1,Shooting Guard,SG
dotsode01,1,Point Guard,PG
doumbse01,1,Power Forward,PF
dowtije01,1,Point Guard,PG
doziepj01,1,Shooting Guard,SG
doziepj01,2,Small Forward,SF
doziepj01,3,Point Guard,PG
dragigo01,1,Point Guard,PG
dragigo01,2,Shooting Guard,SG
drellhe01,1,Small Forward,SF
drumman01,1,Center,C
duartch01,1,Small Forward,SF
duartch01,2,Shooting Guard,SG
ducasal01,1,Shooting Guard,SG
dudleja01,1,Power Forward,PF
dudleja01,2,Small Forward,SF
dudleja01,3,Shooting Guard,SG
dukeda01,1,Shooting Guard,SG
dukeda01,2,Point Guard,PG
dunnkr01,1,Point Guard,PG
dunnry01,1,Small Forward,SF
duranke01,1,Small Forward,SF
duranke01,2,Power Forward,PF
duranke01,3,Shooting Guard,SG
durenja01,1,Center,C
duvaltr01,1,Point Guard,PG
easonta01,1,Power Forward,PF
echenja01,1,Center,C
edeyza01,1,Center,C
edwaran01,1,Shooting Guard,SG
edwarca01,1,Shooting Guard,SG
edwarje01,1,Center,C
edwarju01,1,Small Forward,SF
edwarke02,1,Small Forward,SF
edwarro01,1,Shooting Guard,SG
edwarvi01,1,Small Forward,SF
ellebcj01,1,Small Forward,SF
ellenhe01,1,Power Forward,PF
ellenhe01,2,Center,C
ellinwa01,1,Shooting Guard,SG
elliske01,1,Shooting Guard,SG
embiijo01,1,Center,C
ennisja01,1,Small Forward,SF
ennisja01,2,Shooting Guard,SG
etienty01,1,Point Guard,PG
eubandr01,1,Center,C
eubandr01,2,Power Forward,PF
evansja01,1,Point Guard,PG
evansja02,1,Shooting Guard,SG
evansty01,1,Shooting Guard,SG
evansty01,2,Small Forward,SF
evansty01,3,Point Guard,PG
evbuoto01,1,Small Forward,SF
exumda01,1,Point Guard,PG
exumda01,2,Shooting Guard,SG
fallta01,1,Center,C
farieke01,1,Power Forward,PF
farieke01,2,Center,C
favorde01,1,Power Forward,PF
favorde01,2,Center,C
feliccr01,1,Center,C
feltora01,1,Point Guard,PG
feltora01,2,Shooting Guard,SG
fergute01,1,Shooting Guard,SG
fergute01,2,Small Forward,SF
fernabr01,1,Center,C
ferreyo01,1,Point Guard,PG
ferreyo01,2,Shooting Guard,SG
filipky01,1,Center,C
finnedo01,1,Power Forward,PF
finnedo01,2,Small Forward,SF
fittsma01,1,Power Forward,PF
flaglad01,1,Shooting Guard,SG
flowetr01,1,Small Forward,SF
flynnma01,1,Point Guard,PG
fontesi01,1,Small Forward,SF
forbebr01,1,Shooting Guard,SG
fordal03,1,Small Forward,SF
fordjo01,1,Point Guard,PG
forretr01,1,Shooting Guard,SG
forretr01,2,Point Guard,PG
fostemi02,1,Power Forward,PF
fournev01,1,Shooting Guard,SG
fournev01,2,Small Forward,SF
foxde01,1,Point Guard,PG
frankro01,1,Power Forward,PF
frazime01,1,Shooting Guard,SG
frazimi01,1,Shooting Guard,SG
fraziti01,1,Point Guard,PG
fredeji01,1,Shooting Guard,SG
fredeji01,2,Point Guard,PG
freemen01,1,Power Forward,PF
freemja01,1,Point Guard,PG
fryech01,1,Center,C
fryech01,2,Power Forward,PF
fudgeal01,1,Small Forward,SF
fultzma01,1,Point Guard,PG
fultzma01,2,Shooting Guard,SG
funkan01,1,Shooting Guard,SG
furphjo01,1,Shooting Guard,SG
gabriwe01,1,Power Forward,PF
gabriwe01,2,Center,C
gaffoda01,1,Center,C
gaffoda01,2,Power Forward,PF
gallida01,1,Small Forward,SF
gallida01,2,Power Forward,PF
gallida01,3,Shooting Guard,SG
gallola01,1,Shooting Guard,SG
gallola01,2,Point Guard,PG
garlada01,1,Point Guard,PG
garlada01,2,Shooting Guard,SG
garrebi01,1,Shooting Guard,SG
garrema01,1,Shooting Guard,SG
garubus01,1,Power Forward,PF
garubus01,2,Center,C
garzalu01,1,Center,C
gasolma01,1,Center,C
gasolpa01,1,Center,C
gasolpa01,2,Power Forward,PF
gateska01,1,Small Forward,SF
gayru01,1,Small Forward,SF
gayru01,2,Power Forward,PF
georgke01,1,Point Guard,PG
georgke01,2,Shooting Guard,SG
georgky01,1,Shooting Guard,SG
georgpa01,1,Small Forward,SF
georgpa01,2,Power Forward,PF
georgpa01,3,Shooting Guard,SG
gibsota01,1,Power Forward,PF
gibsota01,2,Center,C
giddejo01,1,Shooting Guard,SG
giddejo01,2,Point Guard,PG
giddejo01,3,Power Forward,PF
giddejo01,4,Small Forward,SF
gilesha01,1,Center,C
gilesha01,2,Power Forward,PF
gilgesh01,1,Point Guard,PG
gilgesh01,2,Shooting Guard,SG
gillan01,1,Power Forward,PF
gilleco01,1,Point Guard,PG
gillefr01,1,Power Forward,PF
gilyaja01,1,Point Guard,PG
goberru01,1,Center,C
goodwbr01,1,Point Guard,PG
goodwjo01,1,Point Guard,PG
goodwjo01,2,Shooting Guard,SG
gordoaa01,1,Power Forward,PF
gordoaa01,2,Small Forward,SF
gordoer01,1,Shooting Guard,SG
gordoer01,2,Small Forward,SF
gortama01,1,Center,C
gortama01,2,Power Forward,PF
gortmja01,1,Point Guard,PG
grahade01,1,Point Guard,PG
grahatr01,1,Shooting Guard,SG
grahatr01,2,Small Forward,SF
grantdo01,1,Small Forward,SF
grantje01,1,Power Forward,PF
grantje01,2,Small Forward,SF
grantje02,1,Point Guard,PG
grantje02,2,Shooting Guard,SG
graveha01,1,Point Guard,PG
grayjo01,1,Point Guard,PG
grayra01,1,Power Forward,PF
greenaj01,1,Shooting Guard,SG
greenda02,1,Shooting Guard,SG
greenda02,2,Small Forward,SF
greendr01,1,Power Forward,PF
greendr01,2,Small Forward,SF
greenge01,1,Shooting Guard,SG
greenge01,2,Small Forward,SF
greenja01,1,Power Forward,PF
greenja02,1,Shooting Guard,SG
greenja02,2,Small Forward,SF
greenja05,1,Shooting Guard,SG
greenje02,1,Power Forward,PF
greenje02,2,Small Forward,SF
greenje02,3,Center,C
greenjo02,1,Shooting Guard,SG
griffaj01,1,Small Forward,SF
griffbl01,1,Power Forward,PF
griffbl01,2,Center,C
grimequ01,1,Shooting Guard,SG
gudurma01,1,Shooting Guard,SG
gueyemo01,1,Power Forward,PF
gueyemo01,2,Small Forward,SF
gueyemo02,1,Power Forward,PF
guyky01,1,Shooting Guard,SG
guyky01,2,Point Guard,PG
hachiru01,1,Power Forward,PF
haganas01,1,Point Guard,PG
halibty01,1,Point Guard,PG
halibty01,2,Shooting Guard,SG
hallde01,1,Point Guard,PG
halldo01,1,Power Forward,PF
halldo01,2,Center,C
halljo01,1,Small Forward,SF
halljo02,1,Small Forward,SF
hallpj01,1,Center,C
hallty01,1,Shooting Guard,SG
hamilda02,1,Shooting Guard,SG
hamptrj01,1,Shooting Guard,SG
hamptrj01,2,Point Guard,PG
hannadu01,1,Shooting Guard,SG
hardati02,1,Shooting Guard,SG
hardati02,2,Small Forward,SF
hardeja01,1,Point Guard,PG
hardeja01,2,Shooting Guard,SG
hardyja02,1,Shooting Guard,SG
harklej01,1,Shooting Guard,SG
harklma01,1,Small Forward,SF
harklma01,2,Power Forward,PF
harpeja01,1,Point Guard,PG
harpero02,1,Small Forward,SF
harpero02,2,Power Forward,PF
harremo01,1,Center,C
harremo01,2,Power Forward,PF
harrian01,1,Point Guard,PG
harride01,1,Point Guard,PG
harride01,2,Shooting Guard,SG
harriga01,1,Shooting Guard,SG
harrija01,1,Shooting Guard,SG
harrijo01,1,Shooting Guard,SG
harrijo01,2,Small Forward,SF
harrike01,1,Shooting Guard,SG
harrish01,1,Shooting Guard,SG
harrish01,2,Point Guard,PG
harrito02,1,Power Forward,PF
harrito02,2,Small Forward,SF
harteis01,1,Center,C
harteis01,2,Power Forward,PF
hartjo01,1,Small Forward,SF
hartjo01,2,Shooting Guard,SG
hasleud01,1,Power Forward,PF
hasleud01,2,Center,C
hausesa01,1,Small Forward,SF
hausesa01,2,Power Forward,PF
hawkijo01,1,Shooting Guard,SG
hayesja02,1,Center,C
hayeski01,1,Point Guard,PG
haywago01,1,Small Forward,SF
haywago01,2,Power Forward,PF
hendesc01,1,Point Guard,PG
hendrta01,1,Power Forward,PF
henryaa01,1,Small Forward,SF
hensojo01,1,Center,C
hensojo01,2,Power Forward,PF
hernade01,1,Center,C
hernaju01,1,Power Forward,PF
hernawi01,1,Center,C
herroty01,1,Shooting Guard,SG
herveke01,1,Power Forward,PF
hezonma01,1,Small Forward,SF
hezonma01,2,Power Forward,PF
hicksis01,1,Power Forward,PF
hieldbu01,1,Shooting Guard,SG
hieldbu01,2,Small Forward,SF
highsha01,1,Small Forward,SF
highsha01,2,Power Forward,PF
hilarne01,1,Center,C
hilarne01,2,Power Forward,PF
hillge01,1,Point Guard,PG
hillge01,2,Shooting Guard,SG
hillma01,1,Small Forward,SF
hillma01,2,Shooting Guard,SG
hillso01,1,Small Forward,SF
hillso01,2,Power Forward,PF
hintona01,1,Shooting Guard,SG
hintona01,2,Small Forward,SF
hoardja01,1,Small Forward,SF
hoardja01,2,Power Forward,PF
hodgedm01,1,Shooting Guard,SG
holidaa01,1,Point Guard,PG
holidjr01,1,Point Guard,PG
holidjr01,2,Shooting Guard,SG
holidju01,1,Shooting Guard,SG
holidju01,2,Small Forward,SF
hollajo02,1,Small Forward,SF
hollaro01,1,Small Forward,SF
holliro01,1,Small Forward,SF
holliro01,2,Power Forward,PF
holmeri01,1,Center,C
holmeri01,2,Power Forward,PF
holmgch01,1,Center,C
holmgch01,2,Power Forward,PF
hoodro01,1,Shooting Guard,SG
hoodro01,2,Small Forward,SF
hoodro01,3,Power Forward,PF
hoodsja01,1,Shooting Guard,SG
hopsosc01,1,Shooting Guard,SG
horfoal01,1,Center,C
hortota01,1,Shooting Guard,SG
hortota01,2,Point Guard,PG
houseda01,1,Small Forward,SF
houseda01,2,Shooting Guard,SG
houstca01,1,Small Forward,SF
howardw01,1,Center,C
howardw01,2,Power Forward,PF
howarje01,1,Small Forward,SF
howarma02,1,Shooting Guard,SG
howarwi01,1,Power Forward,PF
hudgitr01,1,Point Guard,PG
huertke01,1,Shooting Guard,SG
huertke01,2,Small Forward,SF
huffja01,1,Center,C
hugheel01,1,Shooting Guard,SG
hugheel01,2,Small Forward,SF
hukpoar01,1,Center,C
humphis01,1,Center,C
huntede01,1,Small Forward,SF
hunterj01,1,Shooting Guard,SG
huntfe01,1,Small Forward,SF
hurtma01,1,Power Forward,PF
hutchch01,1,Small Forward,SF
hylanbo01,1,Point Guard,PG
hylanbo01,2,Shooting Guard,SG
ibakase01,1,Power Forward,PF
ibakase01,2,Center,C
ighodos01,1,Power Forward,PF
iguodan01,1,Small Forward,SF
iguodan01,2,Shooting Guard,SG
iguodan01,3,Power Forward,PF
ilyaser01,1,Power Forward,PF
inglejo01,1,Small Forward,SF
inglejo01,2,Power Forward,PF
ingraan01,1,Shooting Guard,SG
ingrabr01,1,Small Forward,SF
ingrabr01,2,Power Forward,PF
ingraha01,1,Small Forward,SF
irvinky01,1,Point Guard,PG
irvinky01,2,Shooting Guard,SG
isaacjo01,1,Power Forward,PF
iveyja01,1,Shooting Guard,SG
iwundwe01,1,Small Forward,SF
jacksan01,1,Shooting Guard,SG
jacksde01,1,Point Guard,PG
jacksfr01,1,Point Guard,PG
jacksgg01,1,Power Forward,PF
jacksis01,1,Center,C
jacksja02,1,Center,C
jacksja02,2,Power Forward,PF
jacksjo02,1,Small Forward,SF
jacksjo02,2,Shooting Guard,SG
jacksju01,1,Small Forward,SF
jacksju01,2,Power Forward,PF
jacksqu01,1,Point Guard,PG
jacksre01,1,Point Guard,PG
jacksre01,2,Shooting Guard,SG
jackstr02,1,Power Forward,PF
jackstr02,2,Center,C
jamesbr02,1,Shooting Guard,SG
jamesju01,1,Small Forward,SF
jamesle01,1,Small Forward,SF
jamesle01,2,Power Forward,PF
jamesle01,3,Point Guard,PG
jamesle01,4,Center,C
jamesle01,5,Shooting Guard,SG
jamesmi02,1,Point Guard,PG
jaqueja01,1,Small Forward,SF
jarrede01,1,Shooting Guard,SG
jeffeam01,1,Power Forward,PF
jeffrda01,1,Shooting Guard,SG
jemistr01,1,Center,C
jenkida01,1,Point Guard,PG
jenkijo01,1,Shooting Guard,SG
jerebjo01,1,Power Forward,PF
jeromty01,1,Shooting Guard,SG
joeis01,1,Shooting Guard,SG
johnsaj01,1,Shooting Guard,SG
johnsal02,1,Power Forward,PF
johnsam01,1,Power Forward,PF
johnsam01,2,Center,C
johnsam01,3,Small Forward,SF
johnsbj01,1,Small Forward,SF
johnsca02,1,Power Forward,PF
johnsda08,1,Point Guard,PG
johnsda08,2,Shooting Guard,SG
johnsja01,1,Power Forward,PF
johnsja01,2,Small Forward,SF
johnsja01,3,Center,C
johnsja05,1,Small Forward,SF
johnsja05,2,Power Forward,PF
johnsjo02,1,Shooting Guard,SG
johnsjo02,2,Small Forward,SF
johnske04,1,Small Forward,SF
johnske07,1,Shooting Guard,SG
johnske08,1,Small Forward,SF
johnske10,1,Small Forward,SF
johnsst04,1,Small Forward,SF
johnsst04,2,Power Forward,PF
johnsty01,1,Point Guard,PG
johnsty01,2,Shooting Guard,SG
johnswe01,1,Small Forward,SF
johnswe01,2,Shooting Guard,SG
jokicni01,1,Center,C
jonesca03,1,Point Guard,PG
jonesco02,1,Shooting Guard,SG
jonesda03,1,Center,C
jonesde02,1,Small Forward,SF
jonesde02,2,Power Forward,PF
jonesdi01,1,Small Forward,SF
joneshe01,1,Small Forward,SF
joneshe01,2,Power Forward,PF
jonesis01,1,Power Forward,PF
jonesja04,1,Small Forward,SF
jonesje01,1,Small Forward,SF
joneska01,1,Center,C
jonesma05,1,Shooting Guard,SG
jonessp01,1,Small Forward,SF
joneste01,1,Power Forward,PF
jonestr01,1,Point Guard,PG
jonesty01,1,Point Guard,PG
jordade01,1,Center,C
josepco01,1,Point Guard,PG
josepco01,2,Shooting Guard,SG
jovicni01,1,Power Forward,PF
juzanjo01,1,Shooting Guard,SG
kabenmf01,1,Power Forward,PF
kabenmf01,2,Center,C
kalaige01,1,Small Forward,SF
kaminfr01,1,Center,C
kaminfr01,2,Power Forward,PF
kanteen01,1,Center,C
kawamyu01,1,Point Guard,PG
keelstr01,1,Shooting Guard,SG
kelleky01,1,Center,C
kennalu01,1,Shooting Guard,SG
kesslwa01,1,Center,C
keybr01,1,Small Forward,SF
kiddgmi01,1,Small Forward,SF
kiddgmi01,2,Power Forward,PF
kiddst01,1,Shooting Guard,SG
kingge03,1,Small Forward,SF
kinglo02,1,Small Forward,SF
kinglo02,2,Power Forward,PF
kispeco01,1,Small Forward,SF
klebima01,1,Power Forward,PF
klebima01,2,Center,C
klintbo01,1,Small Forward,SF
knechda01,1,Small Forward,SF
knighbr03,1,Point Guard,PG
knighbr03,2,Shooting Guard,SG
knighna01,1,Power Forward,PF
knighna01,2,Center,C
knoxke01,1,Small Forward,SF
knoxke01,2,Power Forward,PF
kolekty01,1,Point Guard,PG
kolokch01,1,Center,C
konchjo01,1,Shooting Guard,SG
konchjo01,2,Small Forward,SF
korkmfu01,1,Shooting Guard,SG
kornelu01,1,Center,C
korveky01,1,Shooting Guard,SG
korveky01,2,Small Forward,SF
korveky01,3,Power Forward,PF
koufoko01,1,Center,C
krejcvi01,1,Point Guard,PG
krejcvi01,2,Shooting Guard,SG
kulboar01,1,Small Forward,SF
kuminjo01,1,Power Forward,PF
kuminjo01,2,Small Forward,SF
kurucro01,1,Small Forward,SF
kurucro01,2,Power Forward,PF
kuzmaky01,1,Power Forward,PF
kuzmaky01,2,Small Forward,SF
labissk01,1,Power Forward,PF
labissk01,2,Center,C
lamban01,1,Small Forward,SF
lambje01,1,Shooting Guard,SG
lambje01,2,Small Forward,SF
landajo01,1,Center,C
langfro01,1,Shooting Guard,SG
laravja01,1,Power Forward,PF
larsspe01,1,Shooting Guard,SG
lavinza01,1,Shooting Guard,SG
lavinza01,2,Small Forward,SF
lavinza01,3,Point Guard,PG
lawsoaj01,1,Shooting Guard,SG
lawvi01,1,Power Forward,PF
laymaja01,1,Small Forward,SF
leaftj01,1,Power Forward,PF
lecquja01,1,Point Guard,PG
lecquja01,2,Shooting Guard,SG
leeco01,1,Shooting Guard,SG
leeda03,1,Shooting Guard,SG
leesa01,1,Point Guard,PG
lemonwa01,1,Point Guard,PG
lenal01,1,Center,C
leonaka01,1,Small Forward,SF
leoname01,1,Center,C
leoname01,2,Power Forward,PF
leonsma01,1,Small Forward,SF
leuerjo01,1,Power Forward,PF
leuerjo01,2,Center,C
leverca01,1,Shooting Guard,SG
leverca01,2,Small Forward,SF
lewiski01,1,Point Guard,PG
lewisma05,1,Small Forward,SF
lewissc01,1,Shooting Guard,SG
liddeej01,1,Power Forward,PF
lillada01,1,Point Guard,PG
linje01,1,Point Guard,PG
linje01,2,Shooting Guard,SG
littlna01,1,Small Forward,SF
littlna01,2,Power Forward,PF
livelde01,1,Center,C
liveris01,1,Power Forward,PF
liveris01,2,Small Forward,SF
livinch01,1,Small Forward,SF
livinsh01,1,Point Guard,PG
livinsh01,2,Shooting Guard,SG
loftoke01,1,Power Forward,PF
loftoza01,1,Shooting Guard,SG
looneke01,1,Center,C
looneke01,2,Power Forward,PF
lopezbr01,1,Center,C
lopezro01,1,Center,C
louzama01,1,Small Forward,SF
louzama01,2,Shooting Guard,SG
loveke01,1,Power Forward,PF
loveke01,2,Center,C
lowryky01,1,Point Guard,PG
loydjo01,1,Point Guard,PG
lucaska01,1,Point Guard,PG
lundbga01,1,Shooting Guard,SG
lundyse01,1,Small Forward,SF
luwawti01,1,Small Forward,SF
lydonty01,1,Power Forward,PF
lylestr01,1,Power Forward,PF
machasc01,1,Point Guard,PG
macksh01,1,Point Guard,PG
macksh01,2,Shooting Guard,SG
maconda01,1,Point Guard,PG
maconda01,2,Shooting Guard,SG
macurjp01,1,Shooting Guard,SG
magetjo01,1,Point Guard,PG
magnawi01,1,Center,C
mahinia01,1,Center,C
makerth01,1,Center,C
makerth01,2,Power Forward,PF
maledth01,1,Point Guard,PG
mamuksa01,1,Center,C
mamuksa01,2,Power Forward,PF
maneka01,1,Point Guard,PG
mannini01,1,Point Guard,PG
mannte01,1,Shooting Guard,SG
mannte01,2,Small Forward,SF
manntr01,1,Point Guard,PG
marjabo01,1,Center,C
markkla01,1,Power Forward,PF
markkla01,2,Small Forward,SF
marshna01,1,Small Forward,SF
martica02,1,Small Forward,SF
martico01,1,Small Forward,SF
martija01,1,Power Forward,PF
martija02,1,Small Forward,SF
martije02,1,Point Guard,PG
martike03,1,Small Forward,SF
martike04,1,Small Forward,SF
martike04,2,Power Forward,PF
martity01,1,Shooting Guard,SG
masonfr01,1,Point Guard,PG
matenya01,1,Power Forward,PF
mathega01,1,Shooting Guard,SG
mathida01,1,Shooting Guard,SG
mathube01,1,Small Forward,SF
mathube01,2,Shooting Guard,SG
matkoka01,1,Power Forward,PF
matthwe02,1,Shooting Guard,SG
matthwe02,2,Small Forward,SF
maxeyty01,1,Point Guard,PG
maxeyty01,2,Shooting Guard,SG
mayssk01,1,Shooting Guard,SG
mayssk01,2,Point Guard,PG
mbahalu01,1,Power Forward,PF
mbahalu01,2,Small Forward,SF
mcbrimi01,1,Point Guard,PG
mccaija01,1,Shooting Guard,SG
mccaija01,2,Point Guard,PG
mccalta01,1,Shooting Guard,SG
mccawpa01,1,Shooting Guard,SG
mccawpa01,2,Small Forward,SF
mccluma01,1,Shooting Guard,SG
mccluma01,2,Point Guard,PG
mccolcj01,1,Shooting Guard,SG
mccolcj01,2,Point Guard,PG
mccontj01,1,Point Guard,PG
mcculke01,1,Small Forward,SF
mcdanja01,1,Small Forward,SF
mcdanja02,1,Power Forward,PF
mcdanja02,2,Small Forward,SF
mcderdo01,1,Small Forward,SF
mcderdo01,2,Power Forward,PF
mcderse01,1,Small Forward,SF
mcgeeja01,1,Center,C
mcgowbr01,1,Shooting Guard,SG
mcgrica01,1,Small Forward,SF
mcgruro01,1,Shooting Guard,SG
mckinal01,1,Small Forward,SF
mclauja01,1,Point Guard,PG
mclaujo01,1,Point Guard,PG
mclembe01,1,Shooting Guard,SG
mclembe01,2,Small Forward,SF
mcraejo01,1,Shooting Guard,SG
mcraejo01,2,Point Guard,PG
mcveija01,1,Power Forward,PF
meeksjo01,1,Shooting Guard,SG
mejrisa01,1,Center,C
mellini01,1,Power Forward,PF
mellini01,2,Center,C
meltode01,1,Point Guard,PG
meltode01,2,Shooting Guard,SG
mensana01,1,Center,C
merrisa01,1,Shooting Guard,SG
metuch01,1,Center,C
metuch01,2,Power Forward,PF
micicva01,1,Point Guard,PG
middlkh01,1,Small Forward,SF
middlkh01,2,Shooting Guard,SG
mikaer01,1,Center,C
milescj01,1,Small Forward,SF
milescj01,2,Shooting Guard,SG
milescj01,3,Point Guard,PG
millebr02,1,Small Forward,SF
milleda01,1,Small Forward,SF
milleem01,1,Power Forward,PF
millejo02,1,Small Forward,SF
millele01,1,Small Forward,SF
millema01,1,Small Forward,SF
millspa01,1,Power Forward,PF
millspa01,2,Center,C
millspa02,1,Point Guard,PG
millspa02,2,Shooting Guard,SG
miltosh01,1,Shooting Guard,SG
minayju01,1,Small Forward,SF
minixri01,1,Small Forward,SF
minotjo01,1,Small Forward,SF
mirotni01,1,Power Forward,PF
missiyv01,1,Center,C
mitchaj01,1,Shooting Guard,SG
mitchda01,1,Point Guard,PG
mitchdo01,1,Shooting Guard,SG
mitchdo01,2,Point Guard,PG
mitrona01,1,Shooting Guard,SG
mobleev01,1,Power Forward,PF
mobleis01,1,Power Forward,PF
mogbojo01,1,Power Forward,PF
mokokad01,1,Shooting Guard,SG
mokokad01,2,Small Forward,SF
monekch01,1,Small Forward,SF
monkma01,1,Shooting Guard,SG
monrogr01,1,Center,C
monrogr01,2,Power Forward,PF
moodymo01,1,Shooting Guard,SG
moonema01,1,Shooting Guard,SG
moonxa01,1,Shooting Guard,SG
mooreet01,1,Shooting Guard,SG
mooreet01,2,Point Guard,PG
mooreta02,1,Shooting Guard,SG
moorewe01,1,Shooting Guard,SG
moranja01,1,Point Guard,PG
moreler01,1,Power Forward,PF
morgaju01,1,Power Forward,PF
morrija01,1,Shooting Guard,SG
morrima02,1,Power Forward,PF
morrima03,1,Power Forward,PF
morrima03,2,Small Forward,SF
morrimo01,1,Point Guard,PG
motiedo01,1,Power Forward,PF
motlejo01,1,Power Forward,PF
mudiaem01,1,Point Guard,PG
muldemy01,1,Point Guard,PG
muldemy01,2,Small Forward,SF
murkead01,1,Shooting Guard,SG
murphtr02,1,Small Forward,SF
murrade01,1,Point Guard,PG
murrade01,2,Shooting Guard,SG
murraja01,1,Point Guard,PG
murraja01,2,Shooting Guard,SG
murrake02,1,Small Forward,SF
murrake02,2,Power Forward,PF
murrakr01,1,Small Forward,SF
musadz01,1,Small Forward,SF
musadz01,2,Shooting Guard,SG
muscami01,1,Center,C
muscami01,2,Power Forward,PF
mykhasv01,1,Small Forward,SF
naderab01,1,Small Forward,SF
nancela02,1,Power Forward,PF
nancela02,2,Center,C
nancepe01,1,Power Forward,PF
nancepe01,2,Center,C
napiesh01,1,Point Guard,PG
nembhan01,1,Shooting Guard,SG
nembhan01,2,Point Guard,PG
nembhrj01,1,Shooting Guard,SG
nesmiaa01,1,Small Forward,SF
netora01,1,Point Guard,PG
newmama01,1,Point Guard,PG
newmama01,2,Shooting Guard,SG
newtotr01,1,Shooting Guard,SG
nfalyda01,1,Center,C
niangge01,1,Power Forward,PF
nixda01,1,Point Guard,PG
nixda01,2,Shooting Guard,SG
nnajize01,1,Power Forward,PF
noahjo01,1,Center,C
noelne01,1,Center,C
noelne01,2,Power Forward,PF
norrimi01,1,Power Forward,PF
norveza01,1,Shooting Guard,SG
nowelja01,1,Shooting Guard,SG
nowelma01,1,Shooting Guard,SG
nowitdi01,1,Power Forward,PF
nowitdi01,2,Center,C
ntilila01,1,Point Guard,PG
ntilila01,2,Shooting Guard,SG
nunnaja01,1,Small Forward,SF
nunnke01,1,Shooting Guard,SG
nunnke01,2,Point Guard,PG
nurkiju01,1,Center,C
nwabada01,1,Small Forward,SF
nwabada01,2,Shooting Guard,SG
nworajo01,1,Small Forward,SF
ojelese01,1,Power Forward,PF
okafoja01,1,Center,C
okekech01,1,Power Forward,PF
okekech01,2,Small Forward,SF
okoboel01,1,Point Guard,PG
okogijo01,1,Shooting Guard,SG
okongon01,1,Center,C
okorois01,1,Small Forward,SF
okorois01,2,Shooting Guard,SG
okpalkz01,1,Power Forward,PF
oladivi01,1,Shooting Guard,SG
oladivi01,2,Point Guard,PG
olivaqu01,1,Point Guard,PG
oliveca01,1,Small Forward,SF
olynyke01,1,Center,C
olynyke01,2,Power Forward,PF
omorueu01,1,Small Forward,SF
onealro01,1,Small Forward,SF
onimi01,1,Shooting Guard,SG
onimi01,2,Small Forward,SF
oquinky01,1,Center,C
oquinky01,2,Power Forward,PF
osmande01,1,Small Forward,SF
oturuda01,1,Center,C
oubreke01,1,Small Forward,SF
owensta01,1,Power Forward,PF
pachuza01,1,Center,C
paigeja01,1,Point Guard,PG
palmetr01,1,Shooting Guard,SG
pangoke01,1,Point Guard,PG
pargoje01,1,Point Guard,PG
pargoje01,2,Shooting Guard,SG
parkeja01,1,Power Forward,PF
parketo01,1,Point Guard,PG
parsoch01,1,Small Forward,SF
parsoch01,2,Power Forward,PF
pascher01,1,Power Forward,PF
pasecan01,1,Center,C
pattepa01,1,Power Forward,PF
pattoju01,1,Center,C
paulch01,1,Point Guard,PG
payneca01,1,Point Guard,PG
payneca01,2,Shooting Guard,SG
paytoel01,1,Point Guard,PG
paytoga02,1,Shooting Guard,SG
paytoga02,2,Point Guard,PG
paytoga02,3,Small Forward,SF
pelleno01,1,Center,C
pereima01,1,Small Forward,SF
perryre01,1,Power Forward,PF
peterdr01,1,Power Forward,PF
petrufi01,1,Center,C
phillju01,1,Small Forward,SF
pickeja01,1,Small Forward,SF
pickeja01,2,Power Forward,PF
pickeja02,1,Shooting Guard,SG
pinsoth01,1,Shooting Guard,SG
pinsoth01,2,Small Forward,SF
pippesc02,1,Point Guard,PG
plowdda01,1,Shooting Guard,SG
plumlma01,1,Center,C
plumlmi01,1,Center,C
podzibr01,1,Shooting Guard,SG
poeltja01,1,Center,C
poirivi01,1,Center,C
pokusal01,1,Power Forward,PF
pondequ01,1,Small Forward,SF
pondequ01,2,Shooting Guard,SG
pondssh01,1,Point Guard,PG
ponsyv01,1,Small Forward,SF
poolejo01,1,Shooting Guard,SG
poolejo01,2,Point Guard,PG
portecr01,1,Point Guard,PG
portejo01,1,Power Forward,PF
porteke02,1,Shooting Guard,SG
porteke02,2,Point Guard,PG
porteke02,3,Small Forward,SF
portemi01,1,Small Forward,SF
porteot01,1,Small Forward,SF
porteot01,2,Power Forward,PF
portibo01,1,Power Forward,PF
portibo01,2,Center,C
porzikr01,1,Center,C
porzikr01,2,Power Forward,PF
postqu01,1,Power Forward,PF
pottemi01,1,Power Forward,PF
pottemi01,2,Center,C
poweldw01,1,Center,C
poweldw01,2,Power Forward,PF
powelmy01,1,Point Guard,PG
powelno01,1,Shooting Guard,SG
powelno01,2,Small Forward,SF
poythal01,1,Power Forward,PF
prestja01,1,Point Guard,PG
primojo01,1,Shooting Guard,SG
primojo01,2,Small Forward,SF
princta02,1,Power Forward,PF
princta02,2,Small Forward,SF
pritcpa01,1,Point Guard,PG
pritcpa01,2,Shooting Guard,SG
prospol01,1,Power Forward,PF
pullizy01,1,Shooting Guard,SG
qizh01,1,Power Forward,PF
qizh01,2,Center,C
queentr01,1,Shooting Guard,SG
quetane01,1,Center,C
quickim01,1,Point Guard,PG
quickim01,2,Shooting Guard,SG
quinole01,1,Shooting Guard,SG
rabbiv01,1,Power Forward,PF
ramseja01,1,Shooting Guard,SG
randlch01,1,Point Guard,PG
randlju01,1,Power Forward,PF
randlju01,2,Center,C
reathdu01,1,Center,C
reaveau01,1,Shooting Guard,SG
reavejo02,1,Small Forward,SF
reddica01,1,Small Forward,SF
redicjj01,1,Shooting Guard,SG
redicjj01,2,Point Guard,PG
reedda01,1,Shooting Guard,SG
reedpa01,1,Center,C
reedpa01,2,Power Forward,PF
reeseal01,1,Power Forward,PF
reevean01,1,Shooting Guard,SG
reidna01,1,Center,C
reidna01,2,Power Forward,PF
reynoca01,1,Small Forward,SF
reynoca01,2,Shooting Guard,SG
rhodeja01,1,Shooting Guard,SG
richajo01,1,Shooting Guard,SG
richajo01,2,Small Forward,SF
richama01,1,Shooting Guard,SG
richani01,1,Center,C
richani01,2,Power Forward,PF
rillegr01,1,Point Guard,PG
risacza01,1,Small Forward,SF
riverau01,1,Shooting Guard,SG
riverau01,2,Point Guard,PG
robbili01,1,Center,C
roberan03,1,Shooting Guard,SG
roberan03,2,Small Forward,SF
robinde01,1,Small Forward,SF
robindu01,1,Small Forward,SF
robindu01,2,Shooting Guard,SG
robingl02,1,Small Forward,SF
robingl02,2,Shooting Guard,SG
robinje01,1,Shooting Guard,SG
robinje02,1,Power Forward,PF
robinje02,2,Center,C
robinju01,1,Point Guard,PG
robinmi01,1,Center,C
robinor01,1,Center,C
robyis01,1,Power Forward,PF
roddyda01,1,Power Forward,PF
rolliry01,1,Point Guard,PG
rondora01,1,Point Guard,PG
rosede01,1,Point Guard,PG
rosste01,1,Shooting Guard,SG
rosste01,2,Small Forward,SF
roweja01,1,Power Forward,PF
roziete01,1,Point Guard,PG
roziete01,2,Shooting Guard,SG
rubiori01,1,Point Guard,PG
ruperra01,1,Shooting Guard,SG
russeda01,1,Point Guard,PG
ryanma01,1,Small Forward,SF
sabondo01,1,Center,C
sabondo01,2,Power Forward,PF
salauti01,1,Power Forward,PF
samanlu01,1,Power Forward,PF
sampsbr01,1,Shooting Guard,SG
sampsja02,1,Small Forward,SF
sampsja02,2,Power Forward,PF
samueje01,1,Small Forward,SF
sanogad01,1,Power Forward,PF
sanogad01,2,Center,C
santogu01,1,Power Forward,PF
saricda01,1,Power Forward,PF
saricda01,2,Center,C
sarral01,1,Center,C
sarral01,2,Power Forward,PF
sarrol01,1,Center,C
sassema01,1,Point Guard,PG
satorto01,1,Shooting Guard,SG
satorto01,2,Point Guard,PG
satorto01,3,Small Forward,SF
schakjo01,1,Small Forward,SF
schakjo01,2,Shooting Guard,SG
scheiba01,1,Shooting Guard,SG
schofad01,1,Power Forward,PF
schofad01,2,Small Forward,SF
schrode01,1,Point Guard,PG
schrode01,2,Shooting Guard,SG
scottmi01,1,Power Forward,PF
scotttr01,1,Small Forward,SF
scrubja01,1,Shooting Guard,SG
seabrde01,1,Shooting Guard,SG
sefolth01,1,Shooting Guard,SG
sefolth01,2,Small Forward,SF
sefolth01,3,Power Forward,PF
seldewa01,1,Shooting Guard,SG
sengual01,1,Center,C
sensabr01,1,Small Forward,SF
sextoco01,1,Shooting Guard,SG
sextoco01,2,Point Guard,PG
shamela01,1,Shooting Guard,SG
shannte01,1,Shooting Guard,SG
sharpda01,1,Center,C
sharpda01,2,Power Forward,PF
sharpsh01,1,Shooting Guard,SG
shayoma01,1,Shooting Guard,SG
sheadja01,1,Point Guard,PG
sheppbe01,1,Shooting Guard,SG
sheppre01,1,Point Guard,PG
sheppre01,2,Shooting Guard,SG
shumpim01,1,Shooting Guard,SG
shumpim01,2,Small Forward,SF
shumpim01,3,Point Guard,PG
siakapa01,1,Power Forward,PF
siberjo01,1,Shooting Guard,SG
silvach01,1,Power Forward,PF
simmobe01,1,Point Guard,PG
simmojo02,1,Shooting Guard,SG
simmojo02,2,Small Forward,SF
simmoko01,1,Point Guard,PG
simmoko01,2,Shooting Guard,SG
simonan01,1,Shooting Guard,SG
simonma01,1,Center,C
simpskj01,1,Point Guard,PG
simpsza01,1,Point Guard,PG
simsja01,1,Shooting Guard,SG
simsje01,1,Center,C
simsje01,2,Power Forward,PF
sirvyde01,1,Shooting Guard,SG
skapidm01,1,Center,C
slawsja01,1,Small Forward,SF
smailal01,1,Power Forward,PF
smailal01,2,Center,C
smartja01,1,Point Guard,PG
smartma01,1,Point Guard,PG
smartma01,2,Shooting Guard,SG
smithde03,1,Point Guard,PG
smithdr01,1,Shooting Guard,SG
smithis01,1,Point Guard,PG
smithja02,1,Center,C
smithja02,2,Power Forward,PF
smithja04,1,Center,C
smithja04,2,Power Forward,PF
smithja05,1,Power Forward,PF
smithjr01,1,Shooting Guard,SG
smithjr01,2,Small Forward,SF
smithni01,1,Shooting Guard,SG
smithte01,1,Point Guard,PG
smithto05,1,Power Forward,PF
smithty02,1,Power Forward,PF
smithzh01,1,Shooting Guard,SG
smithzh01,2,Small Forward,SF
sneedxa01,1,Small Forward,SF
snellto01,1,Shooting Guard,SG
snellto01,2,Small Forward,SF
sochaje01,1,Power Forward,PF
spaldra01,1,Power Forward,PF
spaldra01,2,Center,C
spellom01,1,Center,C
spellom01,2,Power Forward,PF
spencca01,1,Shooting Guard,SG
spencpa01,1,Point Guard,PG
sprinja01,1,Shooting Guard,SG
sprinja01,2,Point Guard,PG
stanlca01,1,Shooting Guard,SG
stausni01,1,Shooting Guard,SG
stephdj01,1,Shooting Guard,SG
stephla01,1,Shooting Guard,SG
stephla01,2,Small Forward,SF
stephla01,3,Point Guard,PG
steveis01,1,Point Guard,PG
stevela01,1,Power Forward,PF
stevela01,2,Small Forward,SF
stewais01,1,Center,C
stewais01,2,Power Forward,PF
strawju01,1,Small Forward,SF
strawju01,2,Shooting Guard,SG
strusma01,1,Small Forward,SF
suggsja01,1,Shooting Guard,SG
suggsja01,2,Point Guard,PG
sumneed01,1,Shooting Guard,SG
sumneed01,2,Point Guard,PG
swanica01,1,Power Forward,PF
swanica01,2,Center,C
swideco01,1,Small Forward,SF
swordcr01,1,Shooting Guard,SG
sykeske01,1,Point Guard,PG
tateja01,1,Small Forward,SF
tateja01,2,Power Forward,PF
tatumja01,1,Small Forward,SF
tatumja01,2,Power Forward,PF
taylote01,1,Power Forward,PF
teaguje01,1,Point Guard,PG
templga01,1,Shooting Guard,SG
templga01,2,Small Forward,SF
templga01,3,Point Guard,PG
teodomi01,1,Point Guard,PG
terreja01,1,Shooting Guard,SG
terryda01,1,Shooting Guard,SG
terryem01,1,Power Forward,PF
terryty01,1,Point Guard,PG
teskejo01,1,Center,C
theisda01,1,Center,C
thomabr01,1,Shooting Guard,SG
thomaca02,1,Shooting Guard,SG
thomais02,1,Point Guard,PG
thomais02,2,Shooting Guard,SG
thomakh01,1,Shooting Guard,SG
thomala01,1,Power Forward,PF
thomala01,2,Small Forward,SF
thomama02,1,Shooting Guard,SG
thompam01,1,Small Forward,SF
thompau01,1,Small Forward,SF
thompkl01,1,Shooting Guard,SG
thompkl01,2,Small Forward,SF
thomptr01,1,Center,C
thomptr01,2,Power Forward,PF
thorjt01,1,Power Forward,PF
thornsi01,1,Shooting Guard,SG
thornsi01,2,Small Forward,SF
thybuma01,1,Shooting Guard,SG
thybuma01,2,Small Forward,SF
tilliki02,1,Center,C
tillmxa01,1,Center,C
tillmxa01,2,Power Forward,PF
timmedr01,1,Power Forward,PF
toddis01,1,Power Forward,PF
tollian01,1,Power Forward,PF
tollian01,2,Small Forward,SF
tomlina01,1,Power Forward,PF
toppija01,1,Small Forward,SF
toppiob01,1,Power Forward,PF
toscaju01,1,Small Forward,SF
toscaju01,2,Shooting Guard,SG
toupaax01,1,Small Forward,SF
townska01,1,Center,C
townska01,2,Power Forward,PF
travelu01,1,Shooting Guard,SG
trentga02,1,Shooting Guard,SG
trentga02,2,Small Forward,SF
trieral01,1,Shooting Guard,SG
tshieos01,1,Power Forward,PF
tshieos01,2,Center,C
tuckepj01,1,Small Forward,SF
tuckepj01,2,Power Forward,PF
tuckepj01,3,Shooting Guard,SG
tuckera01,1,Shooting Guard,SG
tuckera01,2,Point Guard,PG
turneev01,1,Small Forward,SF
turneev01,2,Shooting Guard,SG
turneev01,3,Point Guard,PG
turnemy01,1,Center,C
tysonhu01,1,Power Forward,PF
tysonja01,1,Shooting Guard,SG
udohek01,1,Center,C
udohek01,2,Power Forward,PF
ulisty01,1,Point Guard,PG
umudest01,1,Shooting Guard,SG
uthofja01,1,Power Forward,PF
valanjo01,1,Center,C
valende01,1,Shooting Guard,SG
valende01,2,Small Forward,SF
vandeja01,1,Power Forward,PF
vanvlfr01,1,Point Guard,PG
vanvlfr01,2,Shooting Guard,SG
varejan01,1,Center,C
varejan01,2,Power Forward,PF
vassede01,1,Shooting Guard,SG
vassede01,2,Small Forward,SF
vezenal01,1,Power Forward,PF
vildolu01,1,Point Guard,PG
vincega01,1,Point Guard,PG
vonleno01,1,Power Forward,PF
vonleno01,2,Center,C
vucevni01,1,Center,C
vukcetr01,1,Center,C
wadede01,1,Power Forward,PF
wadedw01,1,Shooting Guard,SG
wadedw01,2,Point Guard,PG
wagnefr01,1,Small Forward,SF
wagnemo01,1,Center,C
wainris01,1,Small Forward,SF
wainris01,2,Power Forward,PF
waitedi01,1,Shooting Guard,SG
walkeja01,1,Small Forward,SF
walkeja02,1,Power Forward,PF
walkeke02,1,Point Guard,PG
walkelo01,1,Shooting Guard,SG
walkemj01,1,Shooting Guard,SG
wallaca01,1,Shooting Guard,SG
wallake01,1,Point Guard,PG
wallaty01,1,Shooting Guard,SG
wallaty01,2,Point Guard,PG
walljo01,1,Point Guard,PG
walshjo01,1,Small Forward,SF
walshjo01,2,Power Forward,PF
walteja01,1,Shooting Guard,SG
waltode01,1,Point Guard,PG
wanambr01,1,Point Guard,PG
wareke01,1,Center,C
warretj01,1,Small Forward,SF
warretj01,2,Power Forward,PF
washbju01,1,Small Forward,SF
washidu02,1,Shooting Guard,SG
washidu02,2,Point Guard,PG
washipj01,1,Power Forward,PF
washipj01,2,Center,C
washity02,1,Point Guard,PG
watanyu01,1,Small Forward,SF
waterli01,1,Shooting Guard,SG
watertr01,1,Point Guard,PG
watfotr01,1,Power Forward,PF
watfotr01,2,Small Forward,SF
watsoan02,1,Small Forward,SF
watsopa01,1,Small Forward,SF
watsope01,1,Small Forward,SF
watsope01,2,Shooting Guard,SG
weathqu01,1,Shooting Guard,SG
wellsja01,1,Shooting Guard,SG
wellsja01,2,Small Forward,SF
welshth01,1,Center,C
wembavi01,1,Center,C
wembavi01,2,Power Forward,PF
weslebl01,1,Shooting Guard,SG
westbru01,1,Point Guard,PG
wheelph02,1,Power Forward,PF
whiteco01,1,Point Guard,PG
whiteco01,2,Shooting Guard,SG
whiteda01,1,Small Forward,SF
whitede01,1,Shooting Guard,SG
whitede01,2,Point Guard,PG
whiteha01,1,Center,C
whiteja03,1,Small Forward,SF
whiteok01,1,Power Forward,PF
whiteok01,2,Small Forward,SF
whitmca01,1,Small Forward,SF
whittgr01,1,Power Forward,PF
wieskjo01,1,Small Forward,SF
wieskjo01,2,Shooting Guard,SG
wiggiaa01,1,Shooting Guard,SG
wiggian01,1,Small Forward,SF
wiggian01,2,Power Forward,PF
wiggili01,1,Point Guard,PG
willial03,1,Power Forward,PF
willial03,2,Center,C
willial06,1,Shooting Guard,SG
willibr03,1,Point Guard,PG
willicj01,1,Shooting Guard,SG
willico04,1,Shooting Guard,SG
willido02,1,Shooting Guard,SG
willigr01,1,Power Forward,PF
willija06,1,Shooting Guard,SG
willija06,2,Power Forward,PF
willija07,1,Center,C
willija07,2,Power Forward,PF
willije02,1,Shooting Guard,SG
willijo04,1,Power Forward,PF
willijo04,2,Center,C
willike04,1,Power Forward,PF
willike04,2,Small Forward,SF
willilo02,1,Point Guard,PG
willilo02,2,Shooting Guard,SG
willima02,1,Power Forward,PF
willima02,2,Small Forward,SF
willima07,1,Center,C
willima11,1,Center,C
willini01,1,Point Guard,PG
willipa01,1,Power Forward,PF
williro04,1,Center,C
willitr02,1,Small Forward,SF
willivi01,1,Shooting Guard,SG
willizi01,1,Power Forward,PF
willizi02,1,Small Forward,SF
wilsodj01,1,Power Forward,PF
wilsoja03,1,Power Forward,PF
windldy01,1,Small Forward,SF
winslju01,1,Power Forward,PF
winslju01,2,Small Forward,SF
winslju01,3,Shooting Guard,SG
winstca01,1,Point Guard,PG
wisemja01,1,Center,C
wongis01,1,Shooting Guard,SG
woodaro01,1,Small Forward,SF
woodch01,1,Power Forward,PF
woodch01,2,Center,C
wrighde01,1,Point Guard,PG
wrighde01,2,Shooting Guard,SG
wrighju02,1,Point Guard,PG
wrighmc01,1,Point Guard,PG
wrighmo01,1,Power Forward,PF
yabusgu01,1,Center,C
yabusgu01,2,Power Forward,PF
yorkga01,1,Shooting Guard,SG
youngja05,1,Point Guard,PG
youngni01,1,Shooting Guard,SG
youngth01,1,Power Forward,PF
youngtr01,1,Point Guard,PG
yurtsom01,1,Center,C
zelleco01,1,Center,C
zellety01,1,Center,C
zizican01,1,Center,C
zubaciv01,1,Center,C
