season,league,player_id,age,team_id,games,minutes_per_game,points_per_game,rebounds_per_game,assists_per_game,steals_per_game,blocks_per_game,field_goal_pct,three_point_pct,free_throw_pct,win_shares,win_shares_per_48
2025,nba,gilgesh01,26,okc,76,34.2,32.7,5.0,6.4,1.7,1.0,0.519,0.375,0.898,16.7,0.309
2024,nba,jokicni01,28,den,79,34.6,26.4,12.4,9.0,1.4,0.9,0.583,0.359,0.817,17.0,0.299
2023,nba,embiijo01,28,phi,66,34.6,33.1,10.2,4.2,1.0,1.7,0.548,0.33,0.857,12.3,0.259
2022,nba,jokicni01,26,den,74,33.5,27.1,13.8,7.9,1.5,0.9,0.583,0.337,0.81,15.2,0.296
2021,nba,jokicni01,25,den,72,34.6,26.4,10.8,8.3,1.3,0.7,0.566,0.388,0.868,15.6,0.301
2020,nba,antetgi01,25,mil,63,30.4,29.5,13.6,5.6,1.0,1.0,0.553,0.304,0.633,11.1,0.279
2019,nba,antetgi01,24,mil,72,32.8,27.7,12.5,5.9,1.3,1.5,0.578,0.256,0.729,14.4,0.292
2018,nba,hardeja01,28,hou,72,35.4,30.4,5.4,8.8,1.8,0.7,0.449,0.367,0.858,15.4,0.289
2017,nba,westbru01,28,okc,81,34.6,31.6,10.7,10.4,1.6,0.4,0.425,0.343,0.845,13.1,0.224
2016,nba,curryst01,27,gsw,79,34.2,30.1,5.4,6.7,2.1,0.2,0.504,0.454,0.908,17.9,0.318
2015,nba,curryst01,26,gsw,80,32.7,23.8,4.3,7.7,2.0,0.2,0.487,0.443,0.914,15.7,0.288
2014,nba,duranke01,25,okc,81,38.5,32.0,7.4,5.5,1.3,0.7,0.503,0.391,0.873,19.2,0.295
2013,nba,jamesle01,28,mia,76,37.9,26.8,8.0,7.3,1.7,0.9,0.565,0.406,0.753,19.3,0.322
2012,nba,jamesle01,27,mia,62,37.5,27.1,7.9,6.2,1.9,0.8,0.531,0.362,0.771,14.5,0.298
2011,nba,rosede01,22,chi,81,37.4,25.0,4.1,7.7,1.0,0.6,0.445,0.332,0.858,13.1,0.208
2010,nba,jamesle01,25,cle,76,39.0,29.7,7.3,8.6,1.6,1.0,0.503,0.333,0.767,18.5,0.299
2009,nba,jamesle01,24,cle,81,37.7,28.4,7.6,7.2,1.7,1.1,0.489,0.344,0.78,20.3,0.318
2008,nba,bryanko01,29,lal,82,38.9,28.3,6.3,5.4,1.8,0.5,0.459,0.361,0.84,13.8,0.208
2007,nba,nowitdi01,28,dal,78,36.2,24.6,8.9,3.4,0.7,0.8,0.502,0.416,0.904,16.3,0.278
2006,nba,nashst01,31,pho,79,35.4,18.8,4.2,10.5,0.8,0.2,0.512,0.439,0.921,12.4,0.212
2005,nba,nashst01,30,pho,75,34.3,15.5,3.3,11.5,1.0,0.1,0.502,0.431,0.887,10.9,0.203
2004,nba,garneke01,27,min,82,39.4,24.2,13.9,5.0,1.5,2.2,0.499,0.256,0.791,18.3,0.272
2003,nba,duncati01,26,sas,81,39.3,23.3,12.9,3.9,0.7,2.9,0.513,0.273,0.71,16.5,0.248
2002,nba,duncati01,25,sas,82,40.6,25.5,12.7,3.7,0.7,2.5,0.508,0.1,0.799,17.8,0.257
2001,nba,iversal01,25,phi,71,42.0,31.1,3.8,4.6,2.5,0.3,0.42,0.32,0.814,11.8,0.19
2000,nba,onealsh01,27,lal,79,40.0,29.7,13.6,3.8,0.5,3.0,0.574,0.0,0.524,18.6,0.283
1999,nba,malonka01,35,uta,49,37.4,23.8,9.4,4.1,1.3,0.6,0.493,0.0,0.788,9.6,0.252
1998,nba,jordami01,34,chi,82,38.8,28.7,5.8,3.5,1.7,0.5,0.465,0.238,0.784,15.8,0.238
1997,nba,malonka01,33,uta,82,36.6,27.4,9.9,4.5,1.4,0.6,0.55,0.0,0.755,16.7,0.268
1996,nba,jordami01,32,chi,82,37.7,30.4,6.6,4.3,2.2,0.5,0.495,0.427,0.834,20.4,0.317
1995,nba,robinda01,29,sas,81,38.0,27.6,10.8,2.9,1.7,3.2,0.53,0.3,0.774,17.5,0.273
1994,nba,olajuha01,31,hou,80,41.0,27.3,11.9,3.6,1.6,3.7,0.528,0.421,0.716,14.3,0.21
1993,nba,barklch01,29,pho,76,37.6,25.6,12.2,5.1,1.6,1.0,0.52,0.305,0.765,14.4,0.242
1992,nba,jordami01,28,chi,80,38.8,30.1,6.4,6.1,2.3,0.9,0.519,0.27,0.832,17.7,0.274
1991,nba,jordami01,27,chi,82,37.0,31.5,6.0,5.5,2.7,1.0,0.539,0.312,0.851,20.3,0.321
1990,nba,johnsma02,30,lal,79,37.2,22.3,6.6,11.5,1.7,0.4,0.48,0.384,0.89,16.5,0.27
1989,nba,johnsma02,29,lal,77,37.5,22.5,7.9,12.8,1.8,0.3,0.509,0.314,0.911,16.1,0.267
1988,nba,jordami01,24,chi,82,40.4,35.0,5.5,5.9,3.2,1.6,0.535,0.132,0.841,21.2,0.308
1987,nba,johnsma02,27,lal,80,36.3,23.9,6.3,12.2,1.7,0.5,0.522,0.205,0.848,15.9,0.263
1986,nba,birdla01,29,bos,82,38.0,25.8,9.8,6.8,2.0,0.6,0.496,0.423,0.896,15.8,0.244
1985,nba,birdla01,28,bos,80,39.5,28.7,10.5,6.6,1.6,1.2,0.522,0.427,0.882,15.7,0.238
1984,nba,birdla01,27,bos,79,38.3,24.2,10.1,6.6,1.8,0.9,0.492,0.247,0.888,13.6,0.215
1983,nba,malonmo01,27,phi,78,37.5,24.5,15.3,1.3,1.1,2.0,0.501,0.0,0.761,15.1,0.248
1982,nba,malonmo01,26,hou,81,42.0,31.1,14.7,1.8,0.9,1.5,0.519,0.0,0.762,15.4,0.218
1981,nba,ervinju01,30,phi,82,35.0,24.6,8.0,4.4,2.1,1.8,0.521,0.222,0.787,13.8,0.231
1980,nba,abdulka01,32,lal,82,38.3,24.8,10.8,4.5,1.0,3.4,0.604,0.0,0.765,14.8,0.227
1979,nba,malonmo01,23,hou,82,41.3,24.8,17.6,1.8,1.0,1.5,0.54,,0.739,14.1,0.2
1978,nba,waltobi01,25,por,58,33.3,18.9,13.2,5.0,1.0,2.5,0.522,,0.72,8.4,0.209
1977,nba,abdulka01,29,lal,82,36.8,26.2,13.3,3.9,1.2,3.2,0.579,,0.701,17.8,0.283
1976,nba,abdulka01,28,lal,82,41.2,27.7,16.9,5.0,1.5,4.1,0.529,,0.703,17.0,0.242
1975,nba,mcadobo01,23,buf,82,43.2,34.5,14.1,2.2,1.1,2.1,0.512,,0.805,17.8,0.242
1974,nba,abdulka01,26,mil,81,43.8,27.0,14.5,4.8,1.4,3.5,0.539,,0.702,18.4,0.25
1973,nba,cowenda01,24,bos,82,41.8,20.5,16.2,4.1,,,0.452,,0.779,12.0,0.168
1972,nba,abdulka01,24,mil,81,44.2,34.8,16.6,4.6,,,0.574,,0.689,25.4,0.34
1971,nba,abdulka01,23,mil,82,40.1,31.7,16.0,3.3,,,0.577,,0.69,22.3,0.326
1970,nba,reedwi01,27,nyk,81,38.1,21.7,13.9,2.0,,,0.507,,0.756,14.6,0.227
1969,nba,unselwe01,22,bal,82,36.2,13.8,18.2,2.6,,,0.476,,0.605,10.8,0.175
1968,nba,chambwi01,31,phi,82,46.8,24.3,23.8,8.6,,,0.595,,0.38,20.4,0.255
1967,nba,chambwi01,30,phi,81,45.5,24.1,24.2,7.8,,,0.683,,0.441,21.9,0.285
1966,nba,chambwi01,29,phi,79,47.3,33.5,24.6,5.2,,,0.54,,0.513,21.4,0.275
1965,nba,russebi01,30,bos,78,44.4,14.1,24.1,5.3,,,0.438,,0.573,16.9,0.233
1964,nba,roberos01,25,cin,79,45.1,31.4,9.9,11.0,,,0.483,,0.853,20.6,0.278
1963,nba,russebi01,28,bos,78,44.9,16.8,23.6,4.5,,,0.432,,0.555,13.5,0.185
1962,nba,russebi01,27,bos,76,45.2,18.9,23.6,4.5,,,0.457,,0.595,15.5,0.217
1961,nba,russebi01,26,bos,78,44.3,16.9,23.9,3.4,,,0.426,,0.55,13.0,0.181
1960,nba,chambwi01,23,phw,72,46.4,37.6,27.0,2.3,,,0.461,,0.582,17.0,0.245
1959,nba,pettibo01,26,stl,72,39.9,29.2,16.4,3.1,,,0.438,,0.759,14.8,0.246
1958,nba,russebi01,23,bos,69,38.3,16.6,22.7,2.9,,,0.442,,0.519,11.3,0.206
1957,nba,cousybo01,28,bos,64,36.9,20.6,4.8,7.5,,,0.378,,0.821,8.8,0.178
1956,nba,pettibo01,23,stl,72,38.8,25.7,16.2,2.6,,,0.429,,0.736,13.8,0.236
