season,player_id,team_id,pos1,pos2
2025,carlsbr01,OKC,C,
2025,carusal01,OKC,SG,
2025,diengou01,OKC,C,
2025,dortlu01,OKC,SF,
2025,ducasal01,OKC,SG,
2025,flaglad01,OKC,SG,
2025,gilgesh01,OKC,PG,
2025,harteis01,OKC,C,
2025,holmgch01,OKC,C,
2025,joeis01,OKC,SG,
2025,jonesdi01,OKC,SF,
2025,leonsma01,OKC,SF,
2025,mitchaj01,OKC,SG,
2025,reeseal01,OKC,PF,
2025,wallaca01,OKC,SG,
2025,wiggiaa01,OKC,SG,
2025,willija06,OKC,SG,
2025,willija07,OKC,PF,
2025,willike04,OKC,PF,
2024,bantoda01,BOS,PG,
2024,brissos01,BOS,SF,
2024,brownja02,BOS,SF,
2024,davisjd01,BOS,SG,
2024,hausesa01,BOS,SF,
2024,holidjr01,BOS,PG,
2024,horfoal01,BOS,C,
2024,kornelu01,BOS,C,
2024,mykhasv01,BOS,SF,
2024,peterdr01,BOS,PF,
2024,porzikr01,BOS,C,
2024,pritcpa01,BOS,PG,
2024,quetane01,BOS,C,
2024,sprinja01,BOS,SG,
2024,stevela01,BOS,PF,
2024,tatumja01,BOS,PF,
2024,tillmxa01,BOS,PF,
2024,walshjo01,BOS,SF,
2024,whitede01,BOS,SG,
2023,braunch01,DEN,SG,
2023,brownbr01,DEN,SF,
2023,bryanth01,DEN,C,
2023,caldwke01,DEN,SG,
2023,cancavl01,DEN,PF,
2023,gordoaa01,DEN,PF,
2023,greenje02,DEN,PF,
2023,hylanbo01,DEN,PG,
2023,jacksre01,DEN,PG,
2023,jokicni01,DEN,C,
2023,jordade01,DEN,C,
2023,murraja01,DEN,PG,
2023,nnajize01,DEN,PF,
2023,portemi01,DEN,SF,
2023,reedda01,DEN,SG,
2023,smithis01,DEN,PG,
2023,watsope01,DEN,SG,
2023,whiteja03,DEN,SF,
2022,bjeline01,GSW,C,
2022,chiozch01,GSW,PG,
2022,curryst01,GSW,PG,
2022,dowtije01,GSW,PG,
2022,greendr01,GSW,PF,
2022,iguodan01,GSW,SF,
2022,kuminjo01,GSW,SF,
2022,leeda03,GSW,SG,
2022,looneke01,GSW,C,
2022,moodymo01,GSW,SG,
2022,paytoga02,GSW,SG,
2022,poolejo01,GSW,SG,
2022,porteot01,GSW,PF,
2022,thompkl01,GSW,SG,
2022,toscaju01,GSW,SF,
2022,weathqu01,GSW,SG,
2022,wiggian01,GSW,SF,
2021,adamsja01,MIL,PG,
2021,antetgi01,MIL,PF,
2021,antetth01,MIL,SF,
2021,augusdj01,MIL,PG,
2021,bryanel01,MIL,SG,
2021,connapa01,MIL,SG,
2021,craigto01,MIL,SF,
2021,diakima01,MIL,PF,
2021,divindo01,MIL,SG,
2021,forbebr01,MIL,SG,
2021,holidjr01,MIL,PG,
2021,jacksju01,MIL,SF,
2021,kurucro01,MIL,SF,
2021,lopezbr01,MIL,C,
2021,merrisa01,MIL,SG,
2021,middlkh01,MIL,SF,
2021,nworajo01,MIL,SF,
2021,portibo01,MIL,C,
2021,teaguje01,MIL,PG,
2021,toupaax01,MIL,SF,
2021,tuckepj01,MIL,PF,
2021,wilsodj01,MIL,PF,
2020,antetko01,LAL,PF,
2020,bradlav01,LAL,SG,
2020,cacokde01,LAL,C,
2020,caldwke01,LAL,SG,
2020,carusal01,LAL,PG,
2020,cookqu01,LAL,PG,
2020,danietr01,LAL,SG,
2020,davisan02,LAL,PF,
2020,dudleja01,LAL,PF,
2020,greenda02,LAL,SG,
2020,hortota01,LAL,SG,
2020,howardw01,LAL,C,
2020,jamesle01,LAL,PG,
2020,kuzmaky01,LAL,PF,
2020,mcgeeja01,LAL,C,
2020,morrima02,LAL,PF,
2020,norveza01,LAL,SG,
2020,rondora01,LAL,PG,
2020,smithjr01,LAL,SG,
2020,waitedi01,LAL,SG,
2019,anunoog01,TOR,SF,
2019,bouchch01,TOR,PF,
2019,brownlo01,TOR,PG,
2019,gasolma01,TOR,C,
2019,greenda02,TOR,SG,
2019,ibakase01,TOR,C,
2019,leonaka01,TOR,SF,
2019,linje01,TOR,PG,
2019,lowryky01,TOR,PG,
2019,loydjo01,TOR,PG,
2019,mccawpa01,TOR,SG,
2019,meeksjo01,TOR,SG,
2019,milescj01,TOR,SF,
2019,millema01,TOR,SF,
2019,monrogr01,TOR,C,
2019,moreler01,TOR,PF,
2019,powelno01,TOR,SG,
2019,richama01,TOR,SG,
2019,siakapa01,TOR,PF,
2019,valanjo01,TOR,C,
2019,vanvlfr01,TOR,PG,
2019,wrighde01,TOR,PG,
2018,belljo01,GSW,C,
2018,bouchch01,GSW,PF,
2018,casspom01,GSW,SF,
2018,cookqu01,GSW,PG,
2018,curryst01,GSW,PG,
2018,duranke01,GSW,SF,
2018,greendr01,GSW,PF,
2018,iguodan01,GSW,SF,
2018,jonesda03,GSW,C,
2018,livinsh01,GSW,PG,
2018,looneke01,GSW,C,
2018,mccawpa01,GSW,SG,
2018,mcgeeja01,GSW,C,
2018,pachuza01,GSW,C,
2018,thompkl01,GSW,SG,
2018,westda01,GSW,C,
2018,youngni01,GSW,SG,
2017,barnema02,GSW,SF,
2017,clarkia01,GSW,SG,
2017,curryst01,GSW,PG,
2017,duranke01,GSW,PF,
2017,greendr01,GSW,PF,
2017,iguodan01,GSW,SF,
2017,jonesda03,GSW,C,
2017,livinsh01,GSW,PG,
2017,looneke01,GSW,C,
2017,mcadoja01,GSW,PF,
2017,mccawpa01,GSW,SG,
2017,mcgeeja01,GSW,C,
2017,pachuza01,GSW,C,
2017,thompkl01,GSW,SG,
2017,varejan01,GSW,C,
2017,weberbr01,GSW,PG,
2017,westda01,GSW,C,
2016,cunnija01,CLE,SG,
2016,dellama01,CLE,PG,
2016,fryech01,CLE,C,
2016,harrijo01,CLE,SG,
2016,irvinky01,CLE,PG,
2016,jamesle01,CLE,SF,
2016,jefferi01,CLE,SF,
2016,jonesda02,CLE,SF,
2016,jonesja02,CLE,SF,
2016,kaunsa01,CLE,C,
2016,loveke01,CLE,PF,
2016,mcraejo01,CLE,PG,
2016,mozgoti01,CLE,C,
2016,shumpim01,CLE,SG,
2016,smithjr01,CLE,SG,
2016,thomptr01,CLE,PF,
2016,varejan01,CLE,C,
2016,willima01,CLE,PG,
2015,barbole01,GSW,SG,
2015,barneha02,GSW,SF,
2015,bogutan01,GSW,C,
2015,curryst01,GSW,PG,
2015,ezelife01,GSW,C,
2015,greendr01,GSW,PF,
2015,holidju01,GSW,SG,
2015,iguodan01,GSW,SF,
2015,kuzmiog01,GSW,C,
2015,leeda02,GSW,PF,
2015,livinsh01,GSW,PG,
2015,mcadoja01,GSW,PF,
2015,rushbr01,GSW,SG,
2015,speigma01,GSW,C,
2015,thompkl01,GSW,SG,
2014,pendeje02,SAS,PF,
2014,baynear01,SAS,C,
2014,belinma01,SAS,SF,
2014,bonnema01,SAS,PF,
2014,brownsh01,SAS,SG,
2014,dayeau01,SAS,SF,
2014,decolna01,SAS,SF,
2014,diawbo01,SAS,PF,
2014,duncati01,SAS,C,
2014,ginobma01,SAS,SG,
2014,greenda02,SAS,SG,
2014,jamesda01,SAS,SF,
2014,jeffeot01,SAS,SG,
2014,josepco01,SAS,SG,
2014,leonaka01,SAS,SF,
2014,millspa02,SAS,PG,
2014,parketo01,SAS,PG,
2014,splitti01,SAS,C,
2014,thomama01,SAS,PF,
2013,allenra02,MIA,SG,
2013,anderch01,MIA,C,
2013,anthojo01,MIA,C,
2013,battish01,MIA,SF,
2013,boshch01,MIA,C,
2013,chalmma01,MIA,PG,
2013,coleno01,MIA,PG,
2013,harrejo01,MIA,C,
2013,harrite01,MIA,SG,
2013,hasleud01,MIA,PF,
2013,howarju01,MIA,PF,
2013,jamesle01,MIA,PF,
2013,jonesja02,MIA,SF,
2013,lewisra02,MIA,PF,
2013,millemi01,MIA,SF,
2013,pittmde01,MIA,C,
2013,varnaja01,MIA,PF,
2013,wadedw01,MIA,SG,
2012,anthojo01,MIA,C,
2012,battish01,MIA,SF,
2012,boshch01,MIA,PF,
2012,chalmma01,MIA,PG,
2012,coleno01,MIA,PG,
2012,curryed01,MIA,C,
2012,gladnmi01,MIA,PF,
2012,harrite01,MIA,SG,
2012,hasleud01,MIA,PF,
2012,howarju01,MIA,PF,
2012,jamesle01,MIA,SF,
2012,jonesja02,MIA,SG,
2012,millemi01,MIA,SG,
2012,pittmde01,MIA,C,
2012,turiaro01,MIA,C,
2012,wadedw01,MIA,SG,
2011,ajincal01,DAL,C,
2011,bareajo01,DAL,PG,
2011,beaubro01,DAL,PG,
2011,breweco01,DAL,SG,
2011,butleca01,DAL,SF,
2011,cardibr01,DAL,SF,
2011,chandty01,DAL,C,
2011,haywobr01,DAL,C,
2011,jonesdo02,DAL,SG,
2011,kiddja01,DAL,PG,
2011,mahinia01,DAL,C,
2011,mariosh01,DAL,SF,
2011,novakst01,DAL,SF,
2011,nowitdi01,DAL,PF,
2011,pavloal01,DAL,SF,
2011,stevede01,DAL,SG,
2011,stojape01,DAL,SF,
2011,terryja01,DAL,SG,
2010,brownsh01,LAL,SG,
2010,bryanko01,LAL,SG,
2010,bynuman01,LAL,C,
2010,farmajo01,LAL,PG,
2010,fishede01,LAL,PG,
2010,gasolpa01,LAL,C,
2010,mbengdj01,LAL,C,
2010,morriad01,LAL,SF,
2010,odomla01,LAL,PF,
2010,poweljo01,LAL,PF,
2010,vujacsa01,LAL,SG,
2010,waltolu01,LAL,SF,
2010,artesro01,LAL,SF,
2009,arizatr01,LAL,SF,
2009,brownsh01,LAL,SG,
2009,bryanko01,LAL,SG,
2009,bynuman01,LAL,C,
2009,farmajo01,LAL,PG,
2009,fishede01,LAL,PG,
2009,gasolpa01,LAL,C,
2009,mbengdj01,LAL,C,
2009,mihmch01,LAL,C,
2009,morriad01,LAL,SF,
2009,odomla01,LAL,PF,
2009,poweljo01,LAL,PF,
2009,radmavl01,LAL,SF,
2009,vujacsa01,LAL,SG,
2009,waltolu01,LAL,SF,
2009,yuesu01,LAL,SG,
2008,allenra02,BOS,SG,
2008,allento01,BOS,SG,
2008,brownpj01,BOS,PF,
2008,cassesa01,BOS,PG,
2008,davisgl01,BOS,C,
2008,garneke01,BOS,PF,
2008,houseed01,BOS,PG,
2008,perkike01,BOS,C,
2008,piercpa01,BOS,SF,
2008,pollasc01,BOS,C,
2008,poseyja01,BOS,PF,
2008,powele01,BOS,C,
2008,pruitga01,BOS,PG,
2008,rondora01,BOS,PG,
2008,scalabr01,BOS,PF,
2007,barrybr01,SAS,SG,
2007,bonnema01,SAS,PF,
2007,bowenbr01,SAS,SF,
2007,butleja01,SAS,C,
2007,duncati01,SAS,C,
2007,elsonfr01,SAS,C,
2007,elyme01,SAS,C,
2007,finlemi01,SAS,SF,
2007,ginobma01,SAS,SG,
2007,horryro01,SAS,PF,
2007,obertfa01,SAS,C,
2007,parketo01,SAS,PG,
2007,udrihbe01,SAS,PG,
2007,vaughja01,SAS,PG,
2007,whiteja02,SAS,SG,
2007,willier01,SAS,SF,
2006,anderde01,MIA,SG,
2006,andersh01,MIA,SF,
2006,barroea01,MIA,C,
2006,doleami01,MIA,C,
2006,fitchge01,MIA,PG,
2006,hasleud01,MIA,PF,
2006,kaponja01,MIA,SF,
2006,mournal01,MIA,C,
2006,onealsh01,MIA,C,
2006,paytoga01,MIA,PG,
2006,poseyja01,MIA,SF,
2006,simiewa01,MIA,PF,
2006,wadedw01,MIA,SG,
2006,walkean02,MIA,PF,
2006,walshma01,MIA,SG,
2006,willija02,MIA,PG,
2006,wrighdo01,MIA,SF,
2005,barrybr01,SAS,SG,
2005,bowenbr01,SAS,SF,
2005,brownde02,SAS,SG,
2005,duncati01,SAS,PF,
2005,ginobma01,SAS,SG,
2005,glovedi01,SAS,SG,
2005,horryro01,SAS,PF,
2005,johnsli01,SAS,SF,
2005,marksse01,SAS,PF,
2005,masseto01,SAS,PF,
2005,mohamna01,SAS,C,
2005,nestera01,SAS,C,
2005,parketo01,SAS,PG,
2005,robingl01,SAS,SF,
2005,rosema01,SAS,PF,
2005,udrihbe01,SAS,PG,
2005,wilksmi01,SAS,PG,
2004,atkinch01,DET,PG,
2004,billuch01,DET,PG,
2004,campbel01,DET,C,
2004,davishu01,DET,SG,
2004,fowlktr01,DET,SF,
2004,hamda01,DET,SF,
2004,hamilri01,DET,SG,
2004,hunteli01,DET,SG,
2004,jamesmi01,DET,PG,
2004,milicda01,DET,C,
2004,okurme01,DET,PF,
2004,princta01,DET,SF,
2004,rebraze01,DET,C,
2004,surabo01,DET,SG,
2004,wallabe01,DET,C,
2004,wallara01,DET,PF,
2004,willico02,DET,PF,
2003,bateeme01,SAS,C,
2003,bowenbr01,SAS,SF,
2003,brownde02,SAS,SG,
2003,claxtsp01,SAS,PG,
2003,duncati01,SAS,PF,
2003,ferryda01,SAS,SF,
2003,ginobma01,SAS,SG,
2003,goldwan01,SAS,PG,
2003,jacksst02,SAS,SG,
2003,kerrst01,SAS,PG,
2003,parketo01,SAS,PG,
2003,robinda01,SAS,C,
2003,rosema01,SAS,PF,
2003,smithst01,SAS,SG,
2003,willike02,SAS,C,
2002,bryanko01,LAL,SG,
2002,crispjo01,LAL,PG,
2002,fishede01,LAL,PG,
2002,foxri01,LAL,SF,
2002,georgde01,LAL,SF,
2002,horryro01,LAL,PF,
2002,hunteli01,LAL,PG,
2002,madsema01,LAL,PF,
2002,mccoyje01,LAL,C,
2002,medvest01,LAL,C,
2002,onealsh01,LAL,C,
2002,penbemi01,LAL,PG,
2002,richmmi01,LAL,SG,
2002,shawbr01,LAL,PG,
2002,walkesa01,LAL,PF,
2001,bryanko01,LAL,SG,
2001,fishede01,LAL,PG,
2001,fostegr01,LAL,C,
2001,foxri01,LAL,SF,
2001,georgde01,LAL,SF,
2001,grantho01,LAL,PF,
2001,harpero01,LAL,PG,
2001,horryro01,LAL,PF,
2001,luety01,LAL,PG,
2001,madsema01,LAL,PF,
2001,medvest01,LAL,PF,
2001,onealsh01,LAL,C,
2001,penbemi01,LAL,PG,
2001,rideris01,LAL,SG,
2001,shawbr01,LAL,SG,
2000,bryanko01,LAL,SG,
2000,celesjo01,LAL,PG,
2000,fishede01,LAL,PG,
2000,foxri01,LAL,SF,
2000,georgde01,LAL,SF,
2000,greenac01,LAL,PF,
2000,harpero01,LAL,PG,
2000,horryro01,LAL,PF,
2000,jacobsa01,LAL,PG,
2000,knightr01,LAL,C,
2000,luety01,LAL,PG,
2000,onealsh01,LAL,C,
2000,ricegl01,LAL,SF,
2000,sallejo01,LAL,C,
2000,shawbr01,LAL,SG,
1999,daniean01,SAS,PG,
1999,duncati01,SAS,PF,
1999,eliema01,SAS,SG,
1999,elliose01,SAS,SF,
1999,gazean01,SAS,SG,
1999,jacksja01,SAS,SG,
1999,johnsav01,SAS,PG,
1999,kerrst01,SAS,PG,
1999,kerseje01,SAS,SF,
1999,kingge02,SAS,SF,
1999,perduwi01,SAS,C,
1999,robinda01,SAS,C,
1999,rosema01,SAS,PF,
1999,willibr01,SAS,SG,
1998,boothke01,CHI,SF,
1998,brownra02,CHI,PG,
1998,buechju01,CHI,SF,
1998,burresc01,CHI,SF,
1998,caffeja01,CHI,PF,
1998,harpero01,CHI,PG,
1998,jordami01,CHI,SG,
1998,kerrst01,CHI,PG,
1998,kleinjo01,CHI,C,
1998,kukocto01,CHI,SF,
1998,larueru01,CHI,PG,
1998,longllu01,CHI,C,
1998,pippesc01,CHI,SF,
1998,rodmade01,CHI,PF,
1998,simpkdi01,CHI,PF,
1998,vaughda02,CHI,PF,
1998,wennibi01,CHI,C,
1997,brownra02,CHI,PG,
1997,buechju01,CHI,SF,
1997,caffeja01,CHI,PF,
1997,delebi01,CHI,C,
1997,harpero01,CHI,PG,
1997,jordami01,CHI,SG,
1997,kerrst01,CHI,PG,
1997,kukocto01,CHI,SF,
1997,longllu01,CHI,C,
1997,parisro01,CHI,C,
1997,pippesc01,CHI,SF,
1997,rodmade01,CHI,PF,
1997,simpkdi01,CHI,PF,
1997,steigma01,CHI,SF,
1997,wennibi01,CHI,C,
1996,brownra02,CHI,PG,
1996,buechju01,CHI,SF,
1996,caffeja01,CHI,PF,
1996,edwarja01,CHI,C,
1996,haleyja01,CHI,C,
1996,harpero01,CHI,PG,
1996,jordami01,CHI,SG,
1996,kerrst01,CHI,PG,
1996,kukocto01,CHI,SF,
1996,longllu01,CHI,C,
1996,pippesc01,CHI,SF,
1996,rodmade01,CHI,PF,
1996,sallejo01,CHI,PF,
1996,simpkdi01,CHI,PF,
1996,wennibi01,CHI,C,
1995,breauti01,HOU,SF,
1995,brooksc01,HOU,PG,
1995,brownch01,HOU,SF,
1995,caldwad01,HOU,PF,
1995,cassesa01,HOU,PG,
1995,chilcpe01,HOU,PF,
1995,drexlcl01,HOU,SG,
1995,eliema01,HOU,SF,
1995,herreca01,HOU,PF,
1995,horryro01,HOU,PF,
1995,jonesch01,HOU,PF,
1995,maxweve01,HOU,SG,
1995,murratr01,HOU,SF,
1995,olajuha01,HOU,C,
1995,smithke01,HOU,PG,
1995,tabakza01,HOU,C,
1995,thorpot01,HOU,PF,
1994,brooksc01,HOU,PG,
1994,bullama01,HOU,PF,
1994,cassesa01,HOU,PG,
1994,curetea01,HOU,PF,
1994,eliema01,HOU,SF,
1994,herreca01,HOU,PF,
1994,horryro01,HOU,SF,
1994,jentch01,HOU,SF,
1994,maxweve01,HOU,SG,
1994,olajuha01,HOU,C,
1994,petruri01,HOU,C,
1994,rileyer01,HOU,C,
1994,robinla01,HOU,SG,
1994,smithke01,HOU,PG,
1994,thorpot01,HOU,PF,
1993,armstbj01,CHI,PG,
1993,blantri01,CHI,SF,
1993,cartwbi01,CHI,C,
1993,courtjo01,CHI,PF,
1993,englijo01,CHI,SG,
1993,grantho01,CHI,PF,
1993,jordami01,CHI,SG,
1993,kingst01,CHI,C,
1993,mccraro01,CHI,SF,
1993,nealyed01,CHI,PF,
1993,paxsojo01,CHI,PG,
1993,perduwi01,CHI,C,
1993,pippesc01,CHI,SF,
1993,tucketr01,CHI,SG,
1993,walkeda01,CHI,PG,
1993,willico01,CHI,PG,
1993,willisc01,CHI,PF,
1992,armstbj01,CHI,PG,
1992,cartwbi01,CHI,C,
1992,grantho01,CHI,PF,
1992,hansebo01,CHI,SG,
1992,hodgecr01,CHI,SG,
1992,hopsode01,CHI,SG,
1992,jordami01,CHI,SG,
1992,kingst01,CHI,PF,
1992,levincl01,CHI,PF,
1992,nevitch01,CHI,C,
1992,paxsojo01,CHI,PG,
1992,perduwi01,CHI,C,
1992,pippesc01,CHI,SF,
1992,randama01,CHI,PF,
1992,sparrro01,CHI,PG,
1992,willisc01,CHI,PF,
1991,armstbj01,CHI,PG,
1991,cartwbi01,CHI,C,
1991,grantho01,CHI,PF,
1991,hodgecr01,CHI,SG,
1991,hopsode01,CHI,SF,
1991,jordami01,CHI,SG,
1991,kingst01,CHI,PF,
1991,levincl01,CHI,PF,
1991,paxsojo01,CHI,PG,
1991,perduwi01,CHI,C,
1991,pippesc01,CHI,SF,
1991,willisc01,CHI,PF,
1990,aguirma01,DET,SF,
1990,bedfowi01,DET,C,
1990,dumarjo01,DET,SG,
1990,edwarja01,DET,C,
1990,greenda01,DET,PF,
1990,hastisc01,DET,PF,
1990,hendege01,DET,PG,
1990,johnsvi01,DET,SG,
1990,kimbrst01,DET,PG,
1990,laimbbi01,DET,C,
1990,lewisra01,DET,SG,
1990,rodmade01,DET,SF,
1990,sallejo01,DET,PF,
1990,thomais01,DET,PG,
1989,aguirma01,DET,SF,
1989,dantlad01,DET,SF,
1989,dawkida01,DET,C,
1989,dembofe01,DET,SF,
1989,dumarjo01,DET,SG,
1989,edwarja01,DET,C,
1989,harrist01,DET,SG,
1989,johnsvi01,DET,SG,
1989,laimbbi01,DET,C,
1989,longjo01,DET,SG,
1989,mahorri01,DET,PF,
1989,mannipa01,DET,SF,
1989,rodmade01,DET,SF,
1989,rowinji01,DET,PF,
1989,sallejo01,DET,PF,
1989,thomais01,DET,PG,
1989,willimi02,DET,PG,
1988,abdulka01,LAL,C,
1988,campbto01,LAL,SF,
1988,coopemi01,LAL,SG,
1988,greenac01,LAL,PF,
1988,johnsma02,LAL,PG,
1988,lampje01,LAL,SF,
1988,matthwe01,LAL,PG,
1988,rambiku01,LAL,PF,
1988,scottby01,LAL,SG,
1988,smrekmi01,LAL,C,
1988,thompbi01,LAL,SF,
1988,thompmy01,LAL,C,
1988,tolbera01,LAL,PF,
1988,wagnemi01,LAL,SG,
1988,worthja01,LAL,SF,
1987,abdulka01,LAL,C,
1987,brancad01,LAL,SF,
1987,brickfr01,LAL,PF,
1987,coopemi01,LAL,SG,
1987,greenac01,LAL,PF,
1987,johnsma02,LAL,PG,
1987,matthwe01,LAL,PG,
1987,rambiku01,LAL,PF,
1987,scottby01,LAL,SG,
1987,smrekmi01,LAL,C,
1987,thompbi01,LAL,SF,
1987,thompmy01,LAL,PF,
1987,worthja01,LAL,SF,
1986,aingeda01,BOS,SG,
1986,birdla01,BOS,SF,
1986,carliri01,BOS,SG,
1986,johnsde01,BOS,PG,
1986,kitegr01,BOS,C,
1986,mchalke01,BOS,PF,
1986,parisro01,BOS,C,
1986,sichtje01,BOS,PG,
1986,thirdda01,BOS,PF,
1986,vincesa01,BOS,SG,
1986,waltobi01,BOS,C,
1986,wedmasc01,BOS,SF,
1986,willisl01,BOS,SF,
1985,abdulka01,LAL,C,
1985,coopemi01,LAL,SG,
1985,johnsma02,LAL,PG,
1985,jonesea01,LAL,C,
1985,kupchmi01,LAL,PF,
1985,lestero01,LAL,PG,
1985,mcadobo01,LAL,C,
1985,mcgeemi01,LAL,SF,
1985,nevitch01,LAL,C,
1985,rambiku01,LAL,PF,
1985,scottby01,LAL,SG,
1985,sprigla01,LAL,PF,
1985,wilkeja01,LAL,SF,
1985,worthja01,LAL,SF,
1984,aingeda01,BOS,SG,
1984,birdla01,BOS,PF,
1984,bucknqu01,BOS,PG,
1984,carrml01,BOS,SF,
1984,clarkca01,BOS,SG,
1984,hendege01,BOS,PG,
1984,johnsde01,BOS,SG,
1984,kitegr01,BOS,C,
1984,maxwece01,BOS,SF,
1984,mchalke01,BOS,PF,
1984,parisro01,BOS,C,
1984,wedmasc01,BOS,SF,
1983,anderjj01,PHI,SF,
1983,cheekma01,PHI,PG,
1983,curetea01,PHI,C,
1983,edwarfr01,PHI,PG,
1983,ervinju01,PHI,SF,
1983,iavarma01,PHI,PF,
1983,johnscl01,PHI,C,
1983,johnsre01,PHI,SF,
1983,jonesbo01,PHI,PF,
1983,malonmo01,PHI,C,
1983,mcnamma01,PHI,C,
1983,richacl01,PHI,SG,
1983,schoeru01,PHI,PF,
1983,toneyan01,PHI,SG,
1982,abdulka01,LAL,C,
1982,breweji01,LAL,PF,
1982,coopemi01,LAL,SG,
1982,johnscl02,LAL,SG,
1982,johnsma02,LAL,SG,
1982,jordaed01,LAL,PG,
1982,kupchmi01,LAL,PF,
1982,landsma01,LAL,PF,
1982,mcadobo01,LAL,C,
1982,mcgeemi01,LAL,SF,
1982,mckenke01,LAL,SG,
1982,nixonno01,LAL,PG,
1982,rambiku01,LAL,PF,
1982,wilkeja01,LAL,SF,
1981,architi01,BOS,PG,
1981,birdla01,BOS,PF,
1981,carrml01,BOS,SF,
1981,duerote01,BOS,SG,
1981,fernser01,BOS,C,
1981,fordch01,BOS,SG,
1981,hendege01,BOS,PG,
1981,kreklwa01,BOS,SG,
1981,maxwece01,BOS,SF,
1981,mchalke01,BOS,PF,
1981,parisro01,BOS,C,
1981,robeyri01,BOS,C,
1980,abdulka01,LAL,C,
1980,boonero01,LAL,SG,
1980,byrnema01,LAL,SF,
1980,carrke01,LAL,PF,
1980,choneji01,LAL,C,
1980,coopemi01,LAL,SG,
1980,forddo01,LAL,SF,
1980,haywosp01,LAL,PF,
1980,hollabr01,LAL,SG,
1980,johnsma02,LAL,SG,
1980,landsma01,LAL,C,
1980,leebu01,LAL,PG,
1980,mackol01,LAL,SG,
1980,nixonno01,LAL,PG,
1980,wilkeja01,LAL,SF,
1979,awtrede01,SEA,C,
1979,brownfr01,SEA,PG,
1979,hansela01,SEA,C,
1979,hassejo01,SEA,SG,
1979,johnsde01,SEA,SG,
1979,johnsjo01,SEA,SF,
1979,lagarto01,SEA,C,
1979,robinja01,SEA,SF,
1979,sheltlo01,SEA,PF,
1979,sikmaja01,SEA,C,
1979,silaspa01,SEA,PF,
1979,snydedi01,SEA,SG,
1979,walkewa01,SEA,SF,
1979,willigu01,SEA,PG,
1978,ballagr01,WSB,SF,
1978,cheniph01,WSB,SG,
1978,dandrbo01,WSB,SF,
1978,greveke01,WSB,SF,
1978,hayesel01,WSB,PF,
1978,hendeto01,WSB,PG,
1978,johnsch01,WSB,SG,
1978,kupchmi01,WSB,PF,
1978,pacejo01,WSB,C,
1978,unselwe01,WSB,C,
1978,walkeph01,WSB,SG,
1978,wrighla01,WSB,PG,
1977,calhoco01,POR,SF,
1977,davisjo01,POR,SG,
1977,gillihe01,POR,SG,
1977,grossbo01,POR,SF,
1977,hollili01,POR,PG,
1977,jonesro01,POR,C,
1977,lucasma01,POR,PF,
1977,mayescl01,POR,PF,
1977,nealll01,POR,PF,
1977,steella01,POR,SG,
1977,twardda01,POR,PG,
1977,walkewa01,POR,SF,
1977,waltobi01,POR,C,
1976,anderje01,BOS,SG,
1976,ardji01,BOS,C,
1976,bosweto01,BOS,PF,
1976,cowenda01,BOS,C,
1976,havlijo01,BOS,SF,
1976,kuberst01,BOS,C,
1976,mcdongl01,BOS,SF,
1976,nelsodo01,BOS,SF,
1976,scottch01,BOS,SG,
1976,searced01,BOS,SF,
1976,silaspa01,BOS,PF,
1976,stacoke01,BOS,SG,
1976,whitejo01,BOS,PG,
1976,basseti01,NYA,PF,
1976,buccige01,NYA,SG,
1976,eakinji01,NYA,C,
1976,ervinju01,NYA,SF,
1976,hugheki01,NYA,C,
1976,jonesri01,NYA,PF,
1976,mcclate01,NYA,SG,
1976,melchbi01,NYA,PG,
1976,natersw01,NYA,C,
1976,schaebi01,NYA,SF,
1976,skinnal01,NYA,SG,
1976,taylobr01,NYA,PG,
1976,terrych01,NYA,SF,
1976,willijo01,NYA,SG,
1975,barryri01,GSW,SF,
1975,beardbu01,GSW,PG,
1975,bracest01,GSW,SG,
1975,bridgbi01,GSW,PF,
1975,dickede01,GSW,PF,
1975,dudlech01,GSW,PG,
1975,johnsch01,GSW,SG,
1975,johnsge02,GSW,C,
1975,kendrfr01,GSW,SF,
1975,mullije01,GSW,SG,
1975,raycl01,GSW,C,
1975,smithph01,GSW,SG,
1975,wilkeja01,GSW,SF,
1975,averibi01,KEN,SG,
1975,bradlji01,KEN,PF,
1975,dampilo01,KEN,PG,
1975,gilmoar01,KEN,C,
1975,hamiljo01,KEN,PG,
1975,isselda01,KEN,PF,
1975,joneswi02,KEN,SF,
1975,littlge01,KEN,PG,
1975,mcclate01,KEN,SG,
1975,robbire01,KEN,C,
1975,roberma01,KEN,SF,
1975,rochejo01,KEN,SG,
1975,thomaro01,KEN,PF,
1974,chanedo01,BOS,SG,
1974,cowenda01,BOS,C,
1974,downist01,BOS,C,
1974,finkeha01,BOS,C,
1974,hankiph01,BOS,SF,
1974,havlijo01,BOS,SF,
1974,kuberst01,BOS,PF,
1974,nelsodo01,BOS,SF,
1974,silaspa01,BOS,PF,
1974,westppa01,BOS,SG,
1974,whitejo01,BOS,PG,
1974,williar01,BOS,PG,
1974,ervinju01,NYA,SF,
1974,galemi01,NYA,PG,
1974,gregoga01,NYA,SF,
1974,kenonla01,NYA,PF,
1974,lackebo01,NYA,SG,
1974,ladnewe01,NYA,SF,
1974,melchbi01,NYA,PG,
1974,obrieji02,NYA,SF,
1974,paultbi01,NYA,C,
1974,rinalri01,NYA,SG,
1974,rochejo01,NYA,SG,
1974,schaebi01,NYA,SF,
1974,sojouwi01,NYA,C,
1974,taylobr01,NYA,PG,
1974,taylool01,NYA,SG,
1974,willijo01,NYA,SG,
1973,barnedi01,NYK,SG,
1973,bibbyhe01,NYK,PG,
1973,bradlbi01,NYK,SF,
1973,debusda01,NYK,PF,
1973,fraziwa01,NYK,PG,
1973,gianejo01,NYK,C,
1973,jacksph01,NYK,PF,
1973,lucasje01,NYK,PF,
1973,meminde01,NYK,SG,
1973,monroea01,NYK,SG,
1973,rackllu01,NYK,C,
1973,reedwi01,NYK,C,
1973,rikerto01,NYK,C,
1973,wingoha01,NYK,PF,
1973,arnzebo01,INA,SF,
1973,brownro01,INA,SF,
1973,busedo01,INA,PG,
1973,danieme01,INA,C,
1973,freemdo01,INA,SG,
1973,hillmda01,INA,PF,
1973,johnsgu01,INA,SF,
1973,kellebi01,INA,PG,
1973,lewisfr02,INA,SG,
1973,mcginge01,INA,PF,
1973,newtobi01,INA,PF,
1973,peeplge01,INA,C,
1973,raymocr01,INA,C,
1972,bayloel01,LAL,SF,
1972,chambwi01,LAL,C,
1972,cleamji01,LAL,PG,
1972,ellisle01,LAL,C,
1972,erickke01,LAL,SF,
1972,goodrga01,LAL,SG,
1972,hairsha01,LAL,PF,
1972,mcmilji01,LAL,SF,
1972,rileypa01,LAL,SG,
1972,robinfl01,LAL,SG,
1972,trappjo01,LAL,SF,
1972,westje01,LAL,PG,
1972,barnhjo01,INA,PG,
1972,brownro01,INA,SF,
1972,cannola01,INA,SG,
1972,chapmwa01,INA,SF,
1972,danieme01,INA,C,
1972,hillmda01,INA,PF,
1972,kellebi01,INA,PG,
1972,kellyar01,INA,SG,
1972,lewisfr02,INA,PG,
1972,mcginge01,INA,SF,
1972,mountri01,INA,SG,
1972,netolbo01,INA,PF,
1972,pricemi01,INA,SG,
1972,sidledo01,INA,C,
1972,winklma01,INA,SG,
1971,abdulka01,MIL,C,
1971,allenlu01,MIL,PG,
1971,boozebo01,MIL,PF,
1971,cunnidi01,MIL,C,
1971,dandrbo01,MIL,SF,
1971,freemga01,MIL,SF,
1971,greacbo01,MIL,SF,
1971,mcglojo01,MIL,SG,
1971,mclemmc01,MIL,SF,
1971,roberos01,MIL,PG,
1971,smithgr01,MIL,PF,
1971,webbje01,MIL,SG,
1971,winklma01,MIL,G,
1971,zopfbi01,MIL,PG,
1971,beatyze01,UTS,C,
1971,boonero01,UTS,SG,
1971,butlemi01,UTS,SG,
1971,combsgl01,UTS,SG,
1971,congdje01,UTS,PG,
1971,freemdo01,UTS,SG,
1971,hightwa01,UTS,PF,
1971,jacksme01,UTS,PG,
1971,mcdonro01,UTS,PF,
1971,nemeldi01,UTS,SG,
1971,robbire01,UTS,PF,
1971,smithsa01,UTS,SF,
1971,stonege01,UTS,SF,
1971,wisewi01,UTS,SF,
1971,workmto01,UTS,F,C
1970,barnedi01,NYK,SG,
1970,bowmana01,NYK,C,
1970,bradlbi01,NYK,SF,
1970,debusda01,NYK,PF,
1970,fraziwa01,NYK,PG,
1970,hoskebi01,NYK,PF,
1970,maydo01,NYK,SF,
1970,reedwi01,NYK,C,
1970,riordmi01,NYK,SG,
1970,russeca01,NYK,SF,
1970,stallda01,NYK,SF,
1970,warrejo01,NYK,SG,
1970,barnhjo01,INA,SG,
1970,beckear01,INA,PF,
1970,brownro01,INA,SF,
1970,chubist01,INA,SG,
1970,danieme01,INA,C,
1970,dardeol01,INA,PF,
1970,edmonbo01,INA,SF,
1970,faircjo01,INA,SF,
1970,grubadi01,INA,G,
1970,kellebi01,INA,SG,
1970,lewisfr02,INA,PG,
1970,mckeeje01,INA,G,
1970,milleja01,INA,SF,
1970,netolbo01,INA,PF,
1970,ormsba01,INA,PG,
1970,thackto01,INA,PG,
1969,barneji01,BOS,C,
1969,bryanem01,BOS,PG,
1969,chanedo01,BOS,SG,
1969,grahama01,BOS,PG,
1969,havlijo01,BOS,SG,
1969,howelba01,BOS,PF,
1969,johnsri01,BOS,C,
1969,jonessa01,BOS,SG,
1969,nelsodo01,BOS,SF,
1969,olsenbu01,BOS,PF,
1969,russebi01,BOS,C,
1969,sandeto01,BOS,SF,
1969,siegfla01,BOS,PG,
1969,anderan01,OAK,G,
1969,barryri01,OAK,SF,
1969,braddga01,OAK,PF,
1969,brownla01,OAK,PG,
1969,clawsjo01,OAK,SF,
1969,critcru01,OAK,PG,
1969,eakinji01,OAK,C,
1969,hargeir01,OAK,C,
1969,jabalwa01,OAK,SG,
1969,loganhe01,OAK,PG,
1969,moedo01,OAK,SF,
1969,peterme01,OAK,SG,
1968,embrywa01,BOS,C,
1968,grahama01,BOS,PG,
1968,havlijo01,BOS,SG,
1968,howelba01,BOS,PF,
1968,jonesjo01,BOS,SF,
1968,jonessa01,BOS,SG,
1968,nelsodo01,BOS,SF,
1968,russebi01,BOS,C,
1968,sandeto01,BOS,SF,
1968,siegfla01,BOS,PG,
1968,thackto01,BOS,SG,
1968,weitzri01,BOS,SG,
1968,dillcr01,PTP,C,
1968,grahaca01,PTP,G,
1968,hargeir01,PTP,C,
1968,hawkico01,PTP,C,
1968,heymaar01,PTP,SF,
1968,hogsebo01,PTP,F,
1968,jarviji01,PTP,PG,
1968,kellyar01,PTP,G,
1968,kerwito01,PTP,F,
1968,leiboba01,PTP,SG,
1968,meyerbi01,PTP,G,
1968,parksri01,PTP,SF,
1968,portewi01,PTP,PF,
1968,postljo01,PTP,F,
1968,turnehe01,PTP,PG,
1968,vacenst01,PTP,PG,
1968,vaughch01,PTP,SG,
1968,washitr01,PTP,PF,
1968,westbde01,PTP,F,
1968,willich01,PTP,PG,
1968,wrighle01,PTP,PF,
1967,chambwi01,PHI,C,
1967,costela01,PHI,PG,
1967,cunnibi01,PHI,SF,
1967,gambeda01,PHI,SF,
1967,greerha01,PHI,SG,
1967,guokama02,PHI,SG,
1967,jackslu01,PHI,PF,
1967,joneswa02,PHI,PG,
1967,melchbi01,PHI,PG,
1967,walkech01,PHI,SF,
1967,weissbo01,PHI,PG,
1966,bonharo01,BOS,SG,
1966,countme01,BOS,C,
1966,greensi01,BOS,G,F
1966,havlijo01,BOS,SF,
1966,joneskc01,BOS,PG,
1966,jonessa01,BOS,SG,
1966,naullwi01,BOS,SF,
1966,nelsodo01,BOS,SF,
1966,russebi01,BOS,C,
1966,sandeto01,BOS,PF,
1966,sauldwo01,BOS,PF,
1966,siegfla01,BOS,PG,
1966,thompjo01,BOS,C,
1966,wattsro01,BOS,F,
1965,bonharo01,BOS,SF,
1965,countme01,BOS,C,
1965,havlijo01,BOS,SG,
1965,heinsto01,BOS,SF,
1965,joneskc01,BOS,PG,
1965,jonessa01,BOS,SG,
1965,naullwi01,BOS,SF,
1965,nordmbe01,BOS,C,
1965,russebi01,BOS,C,
1965,sandeto01,BOS,PF,
1965,siegfla01,BOS,SG,
1965,thompjo01,BOS,PF,
1965,wardge01,BOS,SG,
1964,havlijo01,BOS,SF,
1964,heinsto01,BOS,PF,
1964,joneskc01,BOS,PG,
1964,jonessa01,BOS,SG,
1964,loscuji01,BOS,SF,
1964,lovelcl01,BOS,C,
1964,mccarjo01,BOS,PG,
1964,naullwi01,BOS,SF,
1964,ramsefr01,BOS,SG,
1964,russebi01,BOS,C,
1964,sandeto01,BOS,PF,
1964,siegfla01,BOS,SG,
1963,cousybo01,BOS,PG,
1963,foleyja01,BOS,F,
1963,guarige01,BOS,SF,
1963,havlijo01,BOS,SF,
1963,heinsto01,BOS,PF,
1963,joneskc01,BOS,PG,
1963,jonessa01,BOS,SG,
1963,loscuji01,BOS,SF,
1963,lovelcl01,BOS,C,
1963,ramsefr01,BOS,SG,
1963,russebi01,BOS,C,
1963,sandeto01,BOS,SF,
1963,swartda01,BOS,SF,
1962,braunca01,BOS,PG,
1962,butleal01,BOS,PG,
1962,cousybo01,BOS,PG,
1962,guarige01,BOS,SF,
1962,heinsto01,BOS,PF,
1962,joneskc01,BOS,PG,
1962,jonessa01,BOS,SG,
1962,loscuji01,BOS,SF,
1962,phillga01,BOS,PG,
1962,ramsefr01,BOS,SG,
1962,russebi01,BOS,C,
1962,sandeto01,BOS,SF,
1961,conlege01,BOS,PF,
1961,cousybo01,BOS,PG,
1961,guarige01,BOS,SF,
1961,heinsto01,BOS,PF,
1961,joneskc01,BOS,PG,
1961,jonessa01,BOS,SG,
1961,loscuji01,BOS,SF,
1961,ramsefr01,BOS,SG,
1961,russebi01,BOS,C,
1961,sandeto01,BOS,SF,
1961,sharmbi01,BOS,SG,
1960,conlege01,BOS,PF,
1960,cousybo01,BOS,PG,
1960,guarige01,BOS,SF,
1960,heinsto01,BOS,PF,
1960,joneskc01,BOS,PG,
1960,jonessa01,BOS,SG,
1960,kingma01,BOS,PG,
1960,loscuji01,BOS,SF,
1960,ramsefr01,BOS,SG,
1960,richtjo01,BOS,C,
1960,russebi01,BOS,C,
1960,sharmbi01,BOS,SG,
1959,conlege01,BOS,PF,
1959,cousybo01,BOS,PG,
1959,heinsto01,BOS,PF,
1959,joneskc01,BOS,PG,
1959,jonessa01,BOS,SG,
1959,loscuji01,BOS,SF,
1959,ramsefr01,BOS,SG,
1959,russebi01,BOS,C,
1959,sharmbi01,BOS,SG,
1959,swainbe01,BOS,PF,
1959,tsiorlo01,BOS,SF,
1958,colemja01,STL,PF,
1958,daviswa01,STL,PF,
1958,hagancl01,STL,SF,
1958,macaued01,STL,C,
1958,martisl01,STL,PG,
1958,mcmahja01,STL,SG,
1958,morrire01,STL,C,
1958,parkme01,STL,SG,
1958,pattewo01,STL,G,
1958,pettibo01,STL,PF,
1958,selvyfr01,STL,G,F
1958,sharech01,STL,C,
1958,wilfowi01,STL,PG,
1957,cousybo01,BOS,PG,
1957,heinsto01,BOS,PF,
1957,hemridi01,BOS,PF,
1957,loscuji01,BOS,SF,
1957,nichoja01,BOS,PF,
1957,palazto01,BOS,SF,
1957,phillan01,BOS,PG,
1957,ramsefr01,BOS,SG,
1957,risenar01,BOS,C,
1957,russebi01,BOS,C,
1957,sharmbi01,BOS,SG,
1957,tsiorlo01,BOS,SF,
1956,arizipa01,PHW,SF,
1956,becker01,PHW,SG,
1956,daviswa01,PHW,PF,
1956,dempsge01,PHW,PG,
1956,georgja01,PHW,PG,
1956,golato01,PHW,SG,
1956,grabojo01,PHW,PF,
1956,hennela01,PHW,SG,
1956,johnsne01,PHW,C,
1956,mooreja01,PHW,SF,
1956,schafbo01,PHW,SG,
1955,farledi01,SYR,SG,
1955,gaborbi01,SYR,SG,
1955,kenvibi01,SYR,SG,
1955,kerrre01,SYR,C,
1955,kingge01,SYR,PG,
1955,lloydea01,SYR,SF,
1955,mooreja01,SYR,SF,
1955,osterwa01,SYR,SF,
1955,rochare01,SYR,C,
1955,schaydo01,SYR,PF,
1955,seymopa01,SYR,SG,
1955,simmoco01,SYR,C,
1955,tuckeji01,SYR,PF,
1954,fritsji01,MNL,PF,
1954,harribo02,MNL,G,
1954,holstji01,MNL,SF,
1954,lovelcl01,MNL,C,
1954,martisl01,MNL,PG,
1954,mikange01,MNL,C,
1954,mikkeve01,MNL,PF,
1954,pollaji01,MNL,SF,
1954,saulpe01,MNL,SG,
1954,schnidi01,MNL,SF,
1954,skoogwh01,MNL,SG,
1953,harribo02,MNL,SG,
1953,hitchle01,MNL,PF,
1953,holstji01,MNL,SF,
1953,martisl01,MNL,PG,
1953,mikange01,MNL,C,
1953,mikkeve01,MNL,PF,
1953,pollaji01,MNL,SF,
1953,saulpe01,MNL,SG,
1953,schnidi01,MNL,F,
1953,schulho01,MNL,PF,
1953,skoogwh01,MNL,SG,
1952,harribo02,MNL,SG,
1952,hitchle01,MNL,PF,
1952,huttojo01,MNL,SG,
1952,martisl01,MNL,PG,
1952,mikange01,MNL,C,
1952,mikkeve01,MNL,PF,
1952,pilchjo01,MNL,F,
1952,pollaji01,MNL,SF,
1952,saulpe01,MNL,SG,
1952,schulho01,MNL,PF,
1952,skoogwh01,MNL,SG,
1951,calhobi01,ROC,SG,
1951,colemja01,ROC,PF,
1951,daviebo01,ROC,PG,
1951,holzmre01,ROC,PG,
1951,johnsar01,ROC,SF,
1951,mcnamjo01,ROC,SF,
1951,mikaned01,ROC,C,
1951,noelpa01,ROC,F,
1951,risenar01,ROC,C,
1951,saulpe01,ROC,SG,
1951,wanzebo01,ROC,G,
1950,carlsdo01,MNL,G,F
1950,ferriar01,MNL,F,G
1950,glickno01,MNL,F,
1950,grantbu01,MNL,F,
1950,harribo02,MNL,G,
1950,hassebi01,MNL,G,
1950,jarosto01,MNL,F,G
1950,martisl01,MNL,PG,
1950,mikange01,MNL,C,
1950,mikkeve01,MNL,PF,
1950,pollaji01,MNL,SF,
1950,schaehe01,MNL,G,F
1950,stumpge01,MNL,F,G
1950,walthpa01,MNL,SG,
1949,bloommi01,MNL,F,C
1949,carlsdo01,MNL,G,F
1949,dwanja01,MNL,F,G
1949,ellefra01,MNL,C,
1949,ferriar01,MNL,F,G
1949,formado01,MNL,G,
1949,gardnea01,MNL,F,
1949,jarosto01,MNL,F,G
1949,jorgejo01,MNL,G,F
1949,kachawh01,MNL,G,
1949,mikange01,MNL,C,
1949,pollaji01,MNL,SF,
1949,schaehe01,MNL,G,F
1949,smithdo01,MNL,G,F
1949,tinglja01,MNL,F,
1948,abramjo01,BLB,F,
1948,bloommi01,BLB,F,C
1948,fuetshe01,BLB,G,
1948,gaineel01,BLB,F,C
1948,hermskl01,BLB,C,F
1948,hoffmpa01,BLB,G,F
1948,jeannbu01,BLB,G,
1948,jorgejo01,BLB,G,F
1948,klotzhe01,BLB,G,
1948,lewisgr01,BLB,F,C
1948,mcnabch01,BLB,F,
1948,meinhca01,BLB,G,F
1948,reisech01,BLB,G,F
1948,rotheir01,BLB,C,
1948,rulloje01,BLB,G,
1948,schuldi01,BLB,F,G
1948,seymopa01,BLB,G,F
1948,simmoco01,BLB,C,F
1947,dallmho01,PHW,F,
1947,fleisje01,PHW,SG,
1947,fulksjo01,PHW,PF,
1947,guokama01,PHW,F,
1947,hillhar01,PHW,C,
1947,kaplora01,PHW,G,F
1947,murphjo01,PHW,F,
1947,musian01,PHW,G,
1947,rosenpe01,PHW,G,
1947,rulloje01,PHW,G,
1947,senesge01,PHW,PG,
1947,shefffr01,PHW,F,
2026,ingrabr01,TOR,F,
2026,degenty01,TOR,F,
2026,sarrol01,TOR,C,
2026,chomcul01,TOR,F,C
2026,martial01,TOR,G,
2026,roddyda01,TOR,F,
2026,mamuksa01,TOR,C,F
2026,murraco01,TOR,F,
2026,hepbuch01,TOR,G,
2026,templga01,TOR,G,
2026,lawsoaj01,TOR,G,
2026,agbajoc01,TOR,G,
2026,battlja01,TOR,F,
2026,barnesc01,TOR,G,F
2026,quickim01,TOR,G,
2026,mogbojo01,TOR,F,
2026,sheadja01,TOR,G,
2026,walteja01,TOR,G,
2026,poeltja01,TOR,C,
2026,dickgr01,TOR,G,
2026,barrerj01,TOR,G,F
2026,hausesa01,BOS,F,
2026,bridgja01,BOS,F,
2026,brownke03,BOS,G,F
2026,harpero02,BOS,G,F
2026,william01,BOS,F,
2026,bouchch01,BOS,F,
2026,shulgma01,BOS,G,
2026,minotjo01,BOS,F,
2026,garzalu01,BOS,F,C
2026,gonzahu01,BOS,G,F
2026,simonan01,BOS,G,
2026,tatumja01,BOS,F,
2026,scheiba01,BOS,G,
2026,whitede01,BOS,G,
2026,quetane01,BOS,C,
2026,tillmxa01,BOS,F,
2026,pritcpa01,BOS,G,
2026,brownja02,BOS,F,G
2026,walshjo01,BOS,G,F
2026,yabusgu01,NYK,F,C
2026,jemistr01,NYK,C,
2026,mcculke01,NYK,G,
2026,brogdma01,NYK,G,
2026,diawamo01,NYK,F,C
2026,evbuoto01,NYK,F,
2026,mathega01,NYK,G,
2026,shamela01,NYK,G,
2026,lenal01,NYK,C,
2026,ryanma01,NYK,F,
2026,clarkjo01,NYK,G,
2026,bridgmi01,NYK,F,G
2026,tuckepj01,NYK,F,
2026,hukpoar01,NYK,C,
2026,brunsja01,NYK,G,
2026,anunoog01,NYK,F,
2026,dadiepa01,NYK,F,
2026,kolekty01,NYK,G,
2026,mcbrimi01,NYK,G,
2026,hartjo01,NYK,G,
2026,robinmi01,NYK,C,
2026,townska01,NYK,C,F
2026,wolfda01,BRK,F,C
2026,zengfa01,BRK,F,
2026,willizi02,BRK,F,
2026,thomaca02,BRK,G,
2026,liddeej01,BRK,F,
2026,sharpda01,BRK,C,
2026,poweldr01,BRK,G,F
2026,traorno01,BRK,G,
2026,etienty01,BRK,G,
2026,demineg01,BRK,G,
2026,sarafbe01,BRK,G,
2026,portemi01,BRK,F,
2026,timmedr01,BRK,F,
2026,martity01,BRK,G,
2026,mannte01,BRK,G,F
2026,highsha01,BRK,F,
2026,claxtni01,BRK,C,
2026,wilsoja03,BRK,F,
2026,whiteda01,BRK,F,
2026,clownno01,BRK,F,
2026,bufkiko01,BRK,G,
2026,broomjo01,PHI,F,
2026,chandke01,PHI,G,
2026,batesem01,PHI,G,
2026,hillma01,PHI,F,
2026,barlodo01,PHI,F,
2026,milicig01,PHI,G,
2026,edwarju01,PHI,G,
2026,lowryky01,PHI,G,
2026,walkeja01,PHI,F,
2026,watfotr01,PHI,F,
2026,edgecvj01,PHI,G,
2026,embiijo01,PHI,C,
2026,sallihu01,PHI,G,
2026,gordoer01,PHI,G,F
2026,walkelo01,PHI,G,
2026,bonaad01,PHI,F,C
2026,georgpa01,PHI,F,G
2026,drumman01,PHI,C,
2026,oubreke01,PHI,F,
2026,maxeyty01,PHI,G,
2026,mccaija01,PHI,G,
2026,allenja01,CLE,C,F
2026,garlada01,CLE,G,
2026,wadede01,CLE,F,
2026,huntede01,CLE,F,
2026,strusma01,CLE,G,
2026,portecr01,CLE,G,
2026,tysonja01,CLE,G,
2026,mitchdo01,CLE,G,
2026,mobleev01,CLE,F,C
2026,balllo01,CLE,G,
2026,okekech01,CLE,F,
2026,travelu01,CLE,G,
2026,proctty01,CLE,G,
2026,merrisa01,CLE,G,
2026,nancela02,CLE,F,C
2026,tomlina01,CLE,F,
2026,mccontj01,IND,G,
2026,slawsja01,IND,F,
2026,peterta01,IND,G,
2026,dennira01,IND,G,
2026,jacksis01,IND,C,F
2026,jacksqu01,IND,G,
2026,wisemja01,IND,C,
2026,joneska03,IND,G,
2026,bradlto01,IND,F,C
2026,huffja01,IND,F,C
2026,mathube01,IND,G,F
2026,nembhan01,IND,G,
2026,toppiob01,IND,F,
2026,siakapa01,IND,F,C
2026,furphjo01,IND,G,F
2026,nesmiaa01,IND,G,F
2026,halibty01,IND,G,
2026,sheppbe01,IND,G,
2026,walkeja02,IND,F,
2026,reedpa01,DET,F,
2026,bediach01,DET,C,
2026,garcida01,DET,F,
2026,willibr05,DET,G,
2026,greenja02,DET,F,
2026,jenkida01,DET,G,
2026,jonesco02,DET,G,
2026,smithto05,DET,F,
2026,laniech01,DET,G,
2026,leverca01,DET,G,F
2026,iveyja01,DET,G,
2026,robindu01,DET,G,F
2026,klintbo01,DET,F,
2026,cunnica01,DET,G,
2026,harrito02,DET,F,
2026,hollaro01,DET,F,
2026,stewais01,DET,F,C
2026,sassema01,DET,G,
2026,thompau01,DET,G,
2026,durenja01,DET,C,
2026,smithja04,CHI,F,
2026,gueyemo01,CHI,F,
2026,milleem01,CHI,F,
2026,kawamyu01,CHI,G,
2026,poplawo01,CHI,G,
2026,grillca01,CHI,G,
2026,jonestr01,CHI,G,
2026,essenno01,CHI,F,
2026,olbrila01,CHI,F,C
2026,okorois01,CHI,G,F
2026,huertke01,CHI,G,
2026,willipa01,CHI,F,
2026,buzelma01,CHI,F,
2026,colliza01,CHI,C,F
2026,dosunay01,CHI,G,
2026,carteje01,CHI,G,
2026,phillju01,CHI,F,
2026,whiteco01,CHI,G,
2026,vucevni01,CHI,C,
2026,terryda01,CHI,G,
2026,rolliry01,MIL,G,
2026,ryanco01,MIL,G,
2026,antetth01,MIL,F,
2026,coffeam01,MIL,G,
2026,bouyeja01,MIL,G,
2026,nancepe01,MIL,F,
2026,anthoco01,MIL,G,
2026,livinch01,MIL,F,
2026,simsje01,MIL,F,
2026,princta02,MIL,F,
2026,harriga01,MIL,G,
2026,kuzmaky01,MIL,F,
2026,trentga02,MIL,G,
2026,portibo01,MIL,F,
2026,turnemy01,MIL,C,F
2026,porteke02,MIL,G,
2026,searsma01,MIL,G,
2026,smithty02,MIL,F,
2026,antetgi01,MIL,F,G
2026,greenaj01,MIL,G,
2026,jacksan01,MIL,G,
2026,johnske10,MIA,F,
2026,youngja05,MIA,G,
2026,madsega01,MIA,G,
2026,keelstr01,MIA,G,
2026,dainjda01,MIA,F,
2026,smithdr01,MIA,G,
2026,thompet01,MIA,G,
2026,gardnmy01,MIA,G,
2026,mitchda01,MIA,G,
2026,goldivl01,MIA,F,C
2026,jakucka01,MIA,G,
2026,adebaba01,MIA,C,F
2026,larsspe01,MIA,G,
2026,fontesi01,MIA,F,
2026,wareke01,MIA,C,
2026,jaqueja01,MIA,G,F
2026,wiggian01,MIA,F,G
2026,herroty01,MIA,G,
2026,jovicni01,MIA,G,F
2026,roziete01,MIA,G,
2026,powelno01,MIA,G,
2026,newelas01,ATL,F,
2026,johnsko01,ATL,F,
2026,bassech01,ATL,C,
2026,houstca01,ATL,G,F
2026,nfalyda01,ATL,C,
2026,wallake01,ATL,G,
2026,toppija01,ATL,F,
2026,djurini01,ATL,G,
2026,kennalu01,ATL,G,
2026,alexani01,ATL,G,
2026,youngtr01,ATL,G,
2026,ndiayel01,ATL,C,
2026,johnsja05,ATL,F,
2026,krejcvi01,ATL,G,
2026,risacza01,ATL,F,
2026,okongon01,ATL,F,
2026,porzikr01,ATL,F,C
2026,gueyemo02,ATL,F,
2026,daniedy01,ATL,G,
2026,diabamo01,CHO,F,
2026,reevean01,CHO,G,
2026,simpskj01,CHO,G,
2026,peterdr01,CHO,G,
2026,plumlma01,CHO,C,F
2026,jamessi01,CHO,G,
2026,knuepko01,CHO,G,F
2026,mcneeli01,CHO,G,F
2026,kalkbry01,CHO,C,
2026,connapa01,CHO,G,
2026,bridgmi02,CHO,G,F
2026,salauti01,CHO,F,
2026,greenjo02,CHO,G,F
2026,willigr01,CHO,F,
2026,ballla01,CHO,G,
2026,millebr02,CHO,F,G
2026,smithni01,CHO,G,
2026,sextoco01,CHO,G,
2026,kispeco01,WAS,G,F
2026,gilbeke01,WAS,G,
2026,pierrjo01,WAS,G,
2026,coopesh01,WAS,G,
2026,johnstr03,WAS,G,
2026,gillan01,WAS,F,
2026,vukcetr01,WAS,F,C
2026,baglema01,WAS,F,C
2026,rileywi01,WAS,F,
2026,watkija01,WAS,F,G
2026,champju01,WAS,F,
2026,branhma01,WAS,G,
2026,johnsaj01,WAS,G,
2026,sarral01,WAS,F,
2026,georgky01,WAS,G,
2026,jonesdi01,WAS,F,
2026,carrica01,WAS,G,
2026,middlkh01,WAS,F,G
2026,coulibi01,WAS,F,
2026,whitmca01,WAS,F,
2026,mccolcj01,WAS,G,
2026,richaja02,ORL,G,
2026,minayju01,ORL,F,
2026,beekmre01,ORL,G,
2026,quinole01,ORL,G,
2026,castlco01,ORL,F,
2026,cainja01,ORL,F,
2026,robinor01,ORL,F,
2026,wagnemo01,ORL,F,C
2026,jonesty01,ORL,G,
2026,pendano01,ORL,G,F
2026,cartewe01,ORL,C,
2026,suggsja01,ORL,G,
2026,dasiltr01,ORL,F,
2026,isaacjo01,ORL,F,
2026,wagnefr01,ORL,G,F
2026,bitadgo01,ORL,C,
2026,banede01,ORL,G,
2026,blackan01,ORL,G,
2026,howarje01,ORL,G,
2026,banchpa01,ORL,F,
2026,harteis01,OKC,F,
2026,leonsma01,OKC,F,
2026,carlsbr01,OKC,C,
2026,mitchaj01,OKC,G,
2026,barnhbr01,OKC,G,
2026,sorbeth01,OKC,F,
2026,willija07,OKC,F,
2026,carusal01,OKC,G,
2026,wiggiaa01,OKC,G,
2026,gilgesh01,OKC,G,
2026,topicni01,OKC,G,
2026,joeis01,OKC,G,
2026,wallaca01,OKC,G,
2026,willike04,OKC,G,F
2026,dortlu01,OKC,G,
2026,diengou01,OKC,F,
2026,holmgch01,OKC,F,C
2026,willija06,OKC,G,
2026,avdijde01,POR,G,F
2026,weslebl01,POR,G,
2026,cissosi01,POR,G,
2026,lillada01,POR,G,
2026,loveca01,POR,G,
2026,yangha01,POR,C,
2026,clingdo01,POR,C,
2026,holidjr01,POR,G,
2026,reathdu01,POR,C,
2026,williro04,POR,C,F
2026,grantje01,POR,F,
2026,thybuma01,POR,G,
2026,camarto01,POR,F,
2026,ruperra01,POR,G,
2026,murrakr01,POR,F,
2026,hendesc01,POR,G,
2026,sharpsh01,POR,G,
2026,markkla01,UTA,F,C
2026,murrema01,UTA,G,
2026,crowlst01,UTA,F,C
2026,tonjejo01,UTA,G,
2026,tshieos01,UTA,F,
2026,harklej01,UTA,G,
2026,luisrj01,UTA,G,F
2026,baileac01,UTA,G,F
2026,claytwa01,UTA,G,
2026,filipky01,UTA,F,C
2026,mykhasv01,UTA,G,F
2026,nurkiju01,UTA,C,
2026,loveke01,UTA,F,C
2026,anderky01,UTA,F,G
2026,willico04,UTA,G,F
2026,colliis01,UTA,G,
2026,niangge01,UTA,F,
2026,sensabr01,UTA,F,
2026,hendrta01,UTA,F,
2026,georgke01,UTA,G,
2026,kesslwa01,UTA,C,
2026,valanjo01,DEN,C,
2026,brownmo01,DEN,C,
2026,edwarke02,DEN,F,
2026,jonescu01,DEN,G,
2026,hardati02,DEN,G,
2026,brownbr01,DEN,G,F
2026,jonessp01,DEN,F,
2026,batesta01,DEN,G,
2026,murraja01,DEN,G,
2026,holmeda01,DEN,F,
2026,gordoaa01,DEN,F,
2026,nnajize01,DEN,F,
2026,johnsca02,DEN,F,
2026,pickeja02,DEN,G,
2026,strawju01,DEN,F,
2026,tysonhu01,DEN,F,
2026,jokicni01,DEN,C,F
2026,watsope01,DEN,G,F
2026,braunch01,DEN,G,
2026,inglejo01,MIN,F,G
2026,hylanbo01,MIN,G,
2026,newtotr01,MIN,G,
2026,juzanjo01,MIN,G,
2026,freemen01,MIN,F,
2026,randlju01,MIN,F,C
2026,reidna01,MIN,F,
2026,zikarro01,MIN,C,
2026,berinjo01,MIN,C,
2026,divindo01,MIN,G,
2026,clarkja02,MIN,G,
2026,goberru01,MIN,C,
2026,shannte01,MIN,G,
2026,dilliro01,MIN,G,
2026,conlemi01,MIN,G,
2026,mcdanja02,MIN,F,
2026,millele01,MIN,F,
2026,edwaran01,MIN,G,F
2026,curryst01,GSW,G,
2026,butleji01,GSW,F,G
2026,podzibr01,GSW,G,
2026,jackstr02,GSW,F,
2026,greendr01,GSW,F,
2026,santogu01,GSW,F,
2026,hieldbu01,GSW,G,F
2026,moodymo01,GSW,G,
2026,postqu01,GSW,F,
2026,roweja01,GSW,F,
2026,batumni01,LAC,F,G
2026,freemza01,LAC,F,C
2026,prestja01,LAC,G,
2026,washity02,LAC,G,
2026,baldwpa01,LAC,G,F
2026,millejo02,LAC,G,
2026,paulch01,LAC,G,
2026,bealbr01,LAC,G,
2026,sandeko01,LAC,G,
2026,hardeja01,LAC,G,
2026,konanya01,LAC,F,
2026,collijo01,LAC,F,
2026,lopezbr01,LAC,C,
2026,flowetr01,LAC,G,F
2026,zubaciv01,LAC,C,
2026,dunnkr01,LAC,G,
2026,jonesde02,LAC,F,
2026,chrisca02,LAC,G,
2026,leonaka01,LAC,F,
2026,brownko01,LAC,G,F
2026,bogdabo01,LAC,G,
2026,raynama01,SAC,F,
2026,daviste02,SAC,G,
2026,mcderdo01,SAC,F,
2026,plowdda01,SAC,G,
2026,steveis01,SAC,G,
2026,schrode01,SAC,G,
2026,eubandr01,SAC,F,
2026,cliffni01,SAC,G,
2026,cardwdy01,SAC,C,
2026,murrake02,SAC,F,
2026,jonesis01,SAC,F,
2026,saricda01,SAC,F,C
2026,cartede02,SAC,G,
2026,derozde01,SAC,G,F
2026,monkma01,SAC,G,
2026,elliske01,SAC,G,
2026,sabondo01,SAC,C,F
2026,lavinza01,SAC,G,F
2026,gilleco01,PHO,G,
2026,dukeda01,PHO,G,
2026,baughda01,PHO,G,
2026,samuety01,PHO,F,
2026,butleja02,PHO,G,
2026,hayesni01,PHO,F,
2026,liveris01,PHO,F,
2026,maluakh01,PHO,C,
2026,flemira01,PHO,F,
2026,breako01,PHO,G,
2026,huntlcj01,PHO,F,
2026,willima07,PHO,C,
2026,goodwjo01,PHO,G,
2026,greenja05,PHO,G,
2026,onealro01,PHO,F,
2026,ighodos01,PHO,F,
2026,dunnry01,PHO,F,
2026,allengr01,PHO,G,
2026,brookdi01,PHO,F,G
2026,richani01,PHO,F,C
2026,bookede01,PHO,G,
2026,hayesja02,LAL,F,
2026,kelleky01,LAL,F,
2026,marciau01,LAL,G,
2026,manonch01,LAL,G,
2026,davisrj01,LAL,G,
2026,dixoner01,LAL,F,
2026,kalumar01,LAL,F,
2026,kolokch01,LAL,C,
2026,smartma01,LAL,G,
2026,thierad01,LAL,G,F
2026,aytonde01,LAL,C,
2026,doncilu01,LAL,G,F
2026,laravja01,LAL,F,
2026,jamesbr02,LAL,G,
2026,jamesle01,LAL,F,G
2026,knechda01,LAL,G,
2026,vandeja01,LAL,F,
2026,vincega01,LAL,G,
2026,reaveau01,LAL,G,
2026,hachiru01,LAL,F,
2026,klebima01,LAL,F,
2026,harpedy01,SAS,G,
2026,biyombi01,SAS,C,F
2026,umudest01,SAS,G,
2026,flaglad01,SAS,G,
2026,pottemi01,SAS,C,
2026,ingraha01,SAS,F,
2026,minixri01,SAS,G,
2026,waterli01,SAS,G,
2026,jonesda06,SAS,F,
2026,mclaujo01,SAS,G,
2026,kornelu01,SAS,C,F
2026,foxde01,SAS,G,
2026,bryanca01,SAS,G,F
2026,castlst01,SAS,G,
2026,olynyke01,SAS,C,F
2026,vassede01,SAS,G,F
2026,champju02,SAS,F,
2026,barneha02,SAS,F,
2026,wembavi01,SAS,C,F
2026,johnske04,SAS,G,
2026,sochaje01,SAS,F,G
2026,willibr03,DAL,G,
2026,hodgedm01,DAL,G,
2026,exumda01,DAL,G,
2026,cissemo01,DAL,C,
2026,clevema01,DAL,G,
2026,russeda01,DAL,G,
2026,irvinky01,DAL,G,
2026,nembhry01,DAL,G,
2026,kellymi02,DAL,G,
2026,flaggco01,DAL,F,
2026,gaffoda01,DAL,C,F
2026,hardyja02,DAL,G,
2026,chrisma02,DAL,G,
2026,marshna01,DAL,F,
2026,thompkl01,DAL,G,F
2026,martica02,DAL,F,
2026,washipj01,DAL,F,
2026,davisan02,DAL,F,C
2026,poweldw01,DAL,F,C
2026,livelde01,DAL,C,
2026,cowarce01,MEM,F,G
2026,loverla01,MEM,C,
2026,burtoty01,MEM,F,
2026,prospol01,MEM,F,
2026,hallpj01,MEM,F,
2026,landajo01,MEM,C,
2026,aldamsa01,MEM,F,
2026,smallja01,MEM,G,
2026,jeromty01,MEM,G,
2026,spencca01,MEM,G,
2026,jacksja02,MEM,F,
2026,pippesc02,MEM,G,
2026,caldwke01,MEM,G,
2026,edeyza01,MEM,C,
2026,wellsja01,MEM,F,
2026,jacksgg01,MEM,F,
2026,willivi01,MEM,F,
2026,clarkbr01,MEM,F,
2026,konchjo01,MEM,G,
2026,moranja01,MEM,G,
2026,capelca01,HOU,C,
2026,crawfis01,HOU,F,
2026,davisjd01,HOU,G,
2026,okogijo01,HOU,G,
2026,greenje02,HOU,F,
2026,matthca01,HOU,F,
2026,finnedo01,HOU,F,
2026,holidaa01,HOU,G,
2026,vanvlfr01,HOU,G,
2026,duranke01,HOU,F,G
2026,tateja01,HOU,F,
2026,harrike01,HOU,G,
2026,adamsst01,HOU,C,
2026,sengual01,HOU,C,F
2026,sheppre01,HOU,G,
2026,thompam01,HOU,G,
2026,smithja05,HOU,F,
2026,easonta01,HOU,F,
2026,dickihu01,NOP,C,
2026,shumach01,NOP,G,F
2026,mcdanja01,NOP,F,
2026,brookga01,NOP,F,
2026,mcgowbr01,NOP,G,F
2026,sprinja01,NOP,G,
2026,peavymi01,NOP,G,
2026,looneke01,NOP,F,C
2026,fearsje01,NOP,G,
2026,queende01,NOP,F,C
2026,alexatr01,NOP,G,
2026,willizi01,NOP,F,C
2026,murphtr02,NOP,F,
2026,alvarjo01,NOP,G,
2026,matkoka01,NOP,F,C
2026,beysa01,NOP,F,
2026,missiyv01,NOP,C,
2026,murrade01,NOP,G,
2026,joneshe01,NOP,F,
2026,hawkijo01,NOP,G,
2026,poolejo01,NOP,G,
