link,team_full_name,season,record,coach,executive,pts_g,srs,off_rtg,expected_w_l,preseason_odds,arena
https://www.basketball-reference.com/teams/OKC/2025.html,Oklahoma City Thunder,2024-25,"68-14, Finished 1st in NBA Western Conference",Mark Daigneault (68-14),Sam Presti,120.5 (4th of 30) Opp PTS/G: 107.6 (3rd of 30),12.70 (1st of 30) Pace : 100.0 (6th of 30),120.3 (3rd of 30) Def Rtg : 107.5 (1st of 30) Net Rtg : +12.8 (1st of 30),68-14 (1st of 30),"Championship +675 , Over-Under 57.5","Paycom Center Attendance: 754,832 (14th of 30)"
https://www.basketball-reference.com/teams/BOS/2024.html,Boston Celtics,2023-24,"64-18, Finished 1st in NBA Eastern Conference",Joe Mazzulla (64-18),Brad Stevens,120.6 (2nd of 30) Opp PTS/G: 109.2 (5th of 30),10.74 (1st of 30) Pace : 97.2 (23rd of 30),123.2 (1st of 30) Def Rtg : 111.6 (3rd of 30) Net Rtg : +11.6 (1st of 30),66-16 (1st of 30),"Championship +450 , Over-Under 54.5","TD Garden Attendance: 785,396 (10th of 30)"
https://www.basketball-reference.com/teams/DEN/2023.html,Denver Nuggets,2022-23,"53-29, Finished 1st in NBA Western Conference",Michael Malone (53-29),Calvin Booth,115.8 (12th of 30) Opp PTS/G: 112.5 (8th of 30),3.04 (6th of 30) Pace : 98.1 (23rd of 30),117.6 (5th of 30) Def Rtg : 114.2 (15th of 30) Net Rtg : +3.4 (6th of 30),49-33 (6th of 30),"Championship +1800 , Over-Under 51.5","Ball Arena Attendance: 788,635 (7th of 30)"
https://www.basketball-reference.com/teams/GSW/2022.html,Golden State Warriors,2021-22,"53-29, Finished 3rd in NBA Western Conference",Steve Kerr (53-29),Bob Myers,111.0 (15th of 30) Opp PTS/G: 105.5 (3rd of 30),5.52 (4th of 30) Pace : 98.4 (13th of 30),112.5 (17th of 30) Def Rtg : 106.9 (1st of 30) Net Rtg : +5.6 (5th of 30),55-27 (4th of 30),"Championship +900 , Over-Under 48.5","Chase Center Attendance: 740,624 (10th of 30)"
https://www.basketball-reference.com/teams/MIL/2021.html,Milwaukee Bucks,2020-21,"46-26, Finished 3rd in NBA Eastern Conference",Mike Budenholzer (46-26),Jon Horst,120.1 (1st of 30) Opp PTS/G: 114.2 (22nd of 30),5.57 (4th of 30) Pace : 102.2 (2nd of 30),117.2 (6th of 30) Def Rtg : 111.4 (10th of 30) Net Rtg : +5.7 (4th of 30),48-24 (5th of 30),"Championship +550 , Over-Under 49.5","Fiserv Forum Attendance: 64,780 (10th of 30)"
https://www.basketball-reference.com/teams/LAL/2020.html,Los Angeles Lakers,2019-20,"52-19, Finished 1st in NBA Western Conference",Frank Vogel (52-19),Rob Pelinka,113.4 (11th of 30) Opp PTS/G: 107.6 (4th of 30),6.28 (3rd of 30) Pace : 100.9 (11th of 30),112.0 (11th of 30) Def Rtg : 106.3 (3rd of 30) Net Rtg : +5.7 (5th of 30),48-23 (5th of 30),"Championship +450 , Over-Under 50.5","STAPLES Center Attendance: 588,907 (14th of 30)"
https://www.basketball-reference.com/teams/TOR/2019.html,Toronto Raptors,2018-19,"58-24, Finished 2nd in NBA Eastern Conference",Nick Nurse (58-24),Masai Ujiri,114.4 (8th of 30) Opp PTS/G: 108.4 (9th of 30),5.49 (3rd of 30) Pace : 100.2 (15th of 30),113.1 (5th of 30) Def Rtg : 107.1 (5th of 30) Net Rtg : +6.0 (3rd of 30),56-26 (3rd of 30),"Championship +1850 , Over-Under 55.5","Scotiabank Arena Attendance: 812,822 (4th of 30)"
https://www.basketball-reference.com/teams/GSW/2018.html,Golden State Warriors,2017-18,"58-24, Finished 2nd in NBA Western Conference",Steve Kerr (58-24),Bob Myers,113.5 (1st of 30) Opp PTS/G: 107.5 (18th of 30),5.79 (3rd of 30) Pace : 99.6 (5th of 30),113.6 (3rd of 30) Def Rtg : 107.7 (11th of 30) Net Rtg : +6.0 (3rd of 30),56-26 (3rd of 30),"Championship -187 , Over-Under 67.5","Oracle Arena Attendance: 803,436 (7th of 30)"
https://www.basketball-reference.com/teams/GSW/2017.html,Golden State Warriors,2016-17,"67-15, Finished 1st in NBA Western Conference",Steve Kerr (67-15),Bob Myers,115.9 (1st of 30) Opp PTS/G: 104.3 (11th of 30),11.35 (1st of 30) Pace : 99.8 (4th of 30),115.6 (1st of 30) Def Rtg : 104.0 (2nd of 30) Net Rtg : +11.6 (1st of 30),67-15 (1st of 30),"Championship -128 , Over-Under 66.5","Oracle Arena Attendance: 803,436 (8th of 30)"
https://www.basketball-reference.com/teams/CLE/2016.html,Cleveland Cavaliers,2015-16,"57-25, Finished 1st in NBA Eastern Conference","David Blatt (30-11), Tyronn Lue (27-14)",David Griffin,104.3 (8th of 30) Opp PTS/G: 98.3 (4th of 30),5.45 (4th of 30) Pace : 93.3 (27th of 30),110.9 (3rd of 30) Def Rtg : 104.5 (10th of 30) Net Rtg : +6.4 (4th of 30),57-25 (4th of 30),"Championship +280 , Over-Under 56.5","Quicken Loans Arena Attendance: 843,042 (2nd of 30)"
https://www.basketball-reference.com/teams/GSW/2015.html,Golden State Warriors,2014-15,"67-15, Finished 1st in NBA Pacific Division",Steve Kerr (67-15),Bob Myers,110.0 (1st of 30) Opp PTS/G: 99.9 (15th of 30),10.01 (1st of 30) Pace : 98.3 (1st of 30),111.6 (2nd of 30) Def Rtg : 101.4 (1st of 30) Net Rtg : +10.2 (1st of 30),65-17 (1st of 30),"Championship +2800 , Over-Under 52.5","Oracle Arena Attendance: 803,436 (7th of 30)"
https://www.basketball-reference.com/teams/SAS/2014.html,San Antonio Spurs,2013-14,"62-20, Finished 1st in NBA Southwest Division",Gregg Popovich (62-20),R.C. Buford,105.4 (6th of 30) Opp PTS/G: 97.6 (6th of 30),8.00 (1st of 30) Pace : 95.0 (10th of 30),110.5 (7th of 30) Def Rtg : 102.4 (3rd of 30) Net Rtg : +8.1 (1st of 30),61-21 (1st of 30),"Championship +1200 , Over-Under 55.5","AT&T Center Attendance: 755,031 (9th of 30)"
https://www.basketball-reference.com/teams/MIA/2013.html,Miami Heat,2012-13,"66-16, Finished 1st in NBA Southeast Division",Erik Spoelstra (66-16),Pat Riley,102.9 (5th of 30) Opp PTS/G: 95.0 (5th of 30),7.03 (2nd of 30) Pace : 90.7 (23rd of 30),112.3 (2nd of 30) Def Rtg : 103.7 (9th of 30) Net Rtg : +8.6 (2nd of 30),62-20 (2nd of 30),"Championship +225 , Over-Under 60.5","AmericanAirlines Arena Attendance: 819,290 (3rd of 30)"
https://www.basketball-reference.com/teams/MIA/2012.html,Miami Heat,2011-12,"46-20, Finished 1st in NBA Southeast Division",Erik Spoelstra (46-20),Pat Riley,98.5 (7th of 30) Opp PTS/G: 92.5 (4th of 30),5.72 (4th of 30) Pace : 91.2 (16th of 30),106.6 (8th of 30) Def Rtg : 100.2 (4th of 30) Net Rtg : +6.5 (4th of 30),47-19 (3rd of 30),"Championship +225 , Over-Under 47.5","AmericanAirlines Arena Attendance: 657,855 (4th of 30)"
https://www.basketball-reference.com/teams/DAL/2011.html,Dallas Mavericks,2010-11,"57-25, Finished 2nd in NBA Southwest Division",Rick Carlisle (57-25),Donn Nelson,100.2 (11th of 30) Opp PTS/G: 96.0 (10th of 30),4.41 (8th of 30) Pace : 91.3 (17th of 30),109.7 (8th of 30) Def Rtg : 105.0 (8th of 30) Net Rtg : +4.6 (8th of 30),53-29 (8th of 30),"Championship +2000 , Over-Under 49.5","American Airlines Center Attendance: 824,162 (4th of 30)"
https://www.basketball-reference.com/teams/LAL/2010.html,Los Angeles Lakers,2009-10,"57-25, Finished 1st in NBA Pacific Division",Phil Jackson (57-25),Mitch Kupchak,101.7 (12th of 30) Opp PTS/G: 97.0 (9th of 30),4.78 (5th of 30) Pace : 92.8 (14th of 30),108.8 (11th of 30) Def Rtg : 103.7 (4th of 30) Net Rtg : +5.0 (7th of 30),54-28 (5th of 30),"Championship +225 , Over-Under 62.0","STAPLES Center Attendance: 778,877 (7th of 30)"
https://www.basketball-reference.com/teams/LAL/2009.html,Los Angeles Lakers,2008-09,"65-17, Finished 1st in NBA Pacific Division",Phil Jackson (65-17),Mitch Kupchak,106.9 (3rd of 30) Opp PTS/G: 99.3 (13th of 30),7.11 (3rd of 30) Pace : 94.3 (5th of 30),112.8 (3rd of 30) Def Rtg : 104.7 (6th of 30) Net Rtg : +8.1 (3rd of 30),61-21 (3rd of 30),"Championship +350 , Over-Under 54.5","STAPLES Center Attendance: 778,877 (8th of 30)"
https://www.basketball-reference.com/teams/BOS/2008.html,Boston Celtics,2007-08,"66-16, Finished 1st in NBA Atlantic Division",Doc Rivers (66-16),Danny Ainge,100.5 (11th of 30) Opp PTS/G: 90.3 (2nd of 30),9.30 (1st of 30) Pace : 90.9 (19th of 30),110.2 (10th of 30) Def Rtg : 98.9 (1st of 30) Net Rtg : +11.2 (1st of 30),67-15 (1st of 30),"Championship +1000 , Over-Under 49.5","TD Banknorth Garden Attendance: 763,584 (12th of 30)"
https://www.basketball-reference.com/teams/SAS/2007.html,San Antonio Spurs,2006-07,"58-24, Finished 2nd in NBA Southwest Division",Gregg Popovich (58-24),R.C. Buford,98.5 (14th of 30) Opp PTS/G: 90.1 (1st of 30),8.35 (1st of 30) Pace : 89.8 (27th of 30),109.2 (5th of 30) Def Rtg : 99.9 (2nd of 30) Net Rtg : +9.3 (1st of 30),64-18 (1st of 30),"Championship +450 , Over-Under 56.0","AT&T Center Attendance: 764,823 (9th of 30)"
https://www.basketball-reference.com/teams/MIA/2006.html,Miami Heat,2005-06,"52-30, Finished 1st in NBA Southeast Division","Stan Van Gundy (11-10), Pat Riley (41-20)",Randy Pfund,99.9 (6th of 30) Opp PTS/G: 96.0 (14th of 30),3.59 (6th of 30) Pace : 91.6 (12th of 30),108.7 (7th of 30) Def Rtg : 104.5 (9th of 30) Net Rtg : +4.2 (6th of 30),52-30 (6th of 30),"Championship +350 , Over-Under 58.0","AmericanAirlines Arena Attendance: 818,149 (4th of 30)"
https://www.basketball-reference.com/teams/SAS/2005.html,San Antonio Spurs,2004-05,"59-23, Finished 1st in NBA Southwest Division",Gregg Popovich (59-23),R.C. Buford,96.2 (18th of 30) Opp PTS/G: 88.4 (1st of 30),7.84 (1st of 30) Pace : 88.9 (23rd of 30),107.5 (8th of 30) Def Rtg : 98.8 (1st of 30) Net Rtg : +8.7 (1st of 30),63-19 (1st of 30),"Championship +400 , Over-Under 56.5","SBC Center Attendance: 750,970 (9th of 30)"
https://www.basketball-reference.com/teams/DET/2004.html,Detroit Pistons,2003-04,"54-28, Finished 2nd in NBA Central Division",Larry Brown (54-28),Joe Dumars,90.1 (24th of 29) Opp PTS/G: 84.3 (2nd of 29),5.04 (4th of 29) Pace : 87.9 (24th of 29),102.0 (18th of 29) Def Rtg : 95.4 (2nd of 29) Net Rtg : +6.6 (2nd of 29),59-23 (2nd of 29),"Championship +1500 , Over-Under 49.5","The Palace of Auburn Hills Attendance: 872,902 (1st of 29)"
https://www.basketball-reference.com/teams/SAS/2003.html,San Antonio Spurs,2002-03,"60-22, Finished 1st in NBA Midwest Division",Gregg Popovich (60-22),R.C. Buford,95.8 (12th of 29) Opp PTS/G: 90.4 (3rd of 29),5.65 (3rd of 29) Pace : 90.0 (20th of 29),105.6 (7th of 29) Def Rtg : 99.7 (3rd of 29) Net Rtg : +6.0 (3rd of 29),57-25 (3rd of 29),"Championship +1100 , Over-Under 55.5","SBC Center Attendance: 735,970 (11th of 29)"
https://www.basketball-reference.com/teams/LAL/2002.html,Los Angeles Lakers,2001-02,"58-24, Finished 2nd in NBA Pacific Division",Phil Jackson (58-24),Mitch Kupchak,101.3 (3rd of 29) Opp PTS/G: 94.1 (10th of 29),7.15 (2nd of 29) Pace : 92.1 (6th of 29),109.4 (2nd of 29) Def Rtg : 101.7 (7th of 29) Net Rtg : +7.7 (2nd of 29),60-22 (2nd of 29),"Championship +200 , Over-Under 58.5","STAPLES Center Attendance: 778,777 (8th of 29)"
https://www.basketball-reference.com/teams/LAL/2001.html,Los Angeles Lakers,2000-01,"56-26, Finished 1st in NBA Pacific Division",Phil Jackson (56-26),Mitch Kupchak,100.6 (3rd of 29) Opp PTS/G: 97.2 (23rd of 29),3.74 (6th of 29) Pace : 91.7 (14th of 29),108.4 (2nd of 29) Def Rtg : 104.8 (21st of 29) Net Rtg : +3.6 (8th of 29),51-31 (8th of 29),"Championship +180 , Over-Under 61.5","STAPLES Center Attendance: 776,336 (8th of 29)"
https://www.basketball-reference.com/teams/LAL/2000.html,Los Angeles Lakers,1999-00,"67-15, Finished 1st in NBA Pacific Division",Phil Jackson (67-15),Jerry West,100.8 (6th of 29) Opp PTS/G: 92.3 (6th of 29),8.41 (1st of 29) Pace : 93.3 (14th of 29),107.3 (5th of 29) Def Rtg : 98.2 (1st of 29) Net Rtg : +9.1 (1st of 29),64-18 (1st of 29),"Championship +400 , Over-Under 53.5","STAPLES Center Attendance: 771,420 (7th of 29)"
https://www.basketball-reference.com/teams/SAS/1999.html,San Antonio Spurs,1998-99,"37-13, Finished 1st in NBA Midwest Division",Gregg Popovich (37-13),Gregg Popovich,92.8 (13th of 29) Opp PTS/G: 84.7 (3rd of 29),7.12 (1st of 29) Pace : 88.6 (19th of 29),104.0 (11th of 29) Def Rtg : 95.0 (1st of 29) Net Rtg : +9.0 (1st of 29),39-11 (1st of 29),Championship +450,"Alamodome Attendance: 527,357 (2nd of 29)"
https://www.basketball-reference.com/teams/CHI/1998.html,Chicago Bulls,1997-98,"62-20, Finished 1st in NBA Central Division",Phil Jackson (62-20),Jerry Krause,96.7 (9th of 29) Opp PTS/G: 89.6 (3rd of 29),7.24 (1st of 29) Pace : 89.0 (22nd of 29),107.7 (9th of 29) Def Rtg : 99.8 (3rd of 29) Net Rtg : +7.9 (3rd of 29),61-21 (1st of 29),"Championship +140 , Over-Under 57.5","United Center Attendance: 983,444 (1st of 29)"
https://www.basketball-reference.com/teams/CHI/1997.html,Chicago Bulls,1996-97,"69-13, Finished 1st in NBA Central Division",Phil Jackson (69-13),Jerry Krause,103.1 (1st of 29) Opp PTS/G: 92.3 (6th of 29),10.70 (1st of 29) Pace : 90.0 (18th of 29),114.4 (1st of 29) Def Rtg : 102.4 (4th of 29) Net Rtg : +12.0 (1st of 29),68-14 (1st of 29),"Championship +100 , Over-Under 64.5","United Center Attendance: 978,457 (2nd of 29)"
https://www.basketball-reference.com/teams/CHI/1996.html,Chicago Bulls,1995-96,"72-10, Finished 1st in NBA Central Division",Phil Jackson (72-10),Jerry Krause,105.2 (1st of 29) Opp PTS/G: 92.9 (3rd of 29),11.80 (1st of 29) Pace : 91.1 (20th of 29),115.2 (1st of 29) Def Rtg : 101.8 (1st of 29) Net Rtg : +13.4 (1st of 29),70-12 (1st of 29),"Championship +350 , Over-Under 59.5","United Center Attendance: 969,149 (2nd of 29)"
https://www.basketball-reference.com/teams/HOU/1995.html,Houston Rockets,1994-95,"47-35, Finished 3rd in NBA Midwest Division",Rudy Tomjanovich (47-35),Bob Weinhauer,103.5 (8th of 27) Opp PTS/G: 101.4 (14th of 27),2.32 (11th of 27) Pace : 94.2 (10th of 27),109.7 (7th of 27) Def Rtg : 107.4 (12th of 27) Net Rtg : +2.2 (11th of 27),47-35 (11th of 27),"Championship +450 , Over-Under 52.0","The Summit Attendance: 653,389 (17th of 27)"
https://www.basketball-reference.com/teams/HOU/1994.html,Houston Rockets,1993-94,"58-24, Finished 1st in NBA Midwest Division",Rudy Tomjanovich (58-24),"Tod Leiweke , Bob Weinhauer",101.1 (13th of 27) Opp PTS/G: 96.8 (5th of 27),4.19 (6th of 27) Pace : 95.0 (15th of 27),105.9 (15th of 27) Def Rtg : 101.4 (2nd of 27) Net Rtg : +4.5 (6th of 27),53-29 (6th of 27),"Championship +1200 , Over-Under 47.0","The Summit Attendance: 615,227 (18th of 27)"
https://www.basketball-reference.com/teams/CHI/1993.html,Chicago Bulls,1992-93,"57-25, Finished 1st in NBA Central Division",Phil Jackson (57-25),Jerry Krause,105.2 (15th of 27) Opp PTS/G: 98.9 (2nd of 27),6.19 (4th of 27) Pace : 92.5 (27th of 27),112.9 (2nd of 27) Def Rtg : 106.1 (7th of 27) Net Rtg : +6.8 (2nd of 27),58-24 (4th of 27),Championship +120,"Chicago Stadium Attendance: 759,656 (6th of 27)"
https://www.basketball-reference.com/teams/CHI/1992.html,Chicago Bulls,1991-92,"67-15, Finished 1st in NBA Central Division",Phil Jackson (67-15),Jerry Krause,109.9 (5th of 27) Opp PTS/G: 99.5 (3rd of 27),10.07 (1st of 27) Pace : 94.4 (22nd of 27),115.5 (1st of 27) Def Rtg : 104.5 (4th of 27) Net Rtg : +11.0 (1st of 27),66-16 (1st of 27),Championship +250,"Chicago Stadium Attendance: 759,980 (5th of 27)"
https://www.basketball-reference.com/teams/CHI/1991.html,Chicago Bulls,1990-91,"61-21, Finished 1st in NBA Central Division",Phil Jackson (61-21),Jerry Krause,110.0 (7th of 27) Opp PTS/G: 101.0 (4th of 27),8.57 (1st of 27) Pace : 95.6 (19th of 27),114.6 (1st of 27) Def Rtg : 105.2 (7th of 27) Net Rtg : +9.5 (1st of 27),63-19 (1st of 27),Championship +700,"Chicago Stadium Attendance: 757,745 (4th of 27)"
https://www.basketball-reference.com/teams/DET/1990.html,Detroit Pistons,1989-90,"59-23, Finished 1st in NBA Central Division",Chuck Daly (59-23),Jack McCloskey,104.3 (19th of 27) Opp PTS/G: 98.3 (1st of 27),5.41 (4th of 27) Pace : 94.4 (26th of 27),109.9 (11th of 27) Def Rtg : 103.5 (2nd of 27) Net Rtg : +6.4 (3rd of 27),57-25 (3rd of 27),Championship +300,"The Palace of Auburn Hills Attendance: 879,705 (3rd of 27)"
https://www.basketball-reference.com/teams/DET/1989.html,Detroit Pistons,1988-89,"63-19, Finished 1st in NBA Central Division",Chuck Daly (63-19),Jack McCloskey,106.6 (16th of 25) Opp PTS/G: 100.8 (2nd of 25),6.24 (4th of 25) Pace : 95.5 (25th of 25),110.8 (7th of 25) Def Rtg : 104.7 (3rd of 25) Net Rtg : +6.0 (4th of 25),56-26 (4th of 25),Championship +400,"The Palace of Auburn Hills Attendance: 879,405 (2nd of 25)"
https://www.basketball-reference.com/teams/LAL/1988.html,Los Angeles Lakers,1987-88,"62-20, Finished 1st in NBA Pacific Division",Pat Riley (62-20),Jerry West,112.8 (5th of 23) Opp PTS/G: 107.0 (11th of 23),4.81 (3rd of 23) Pace : 99.1 (11th of 23),113.1 (2nd of 23) Def Rtg : 107.3 (9th of 23) Net Rtg : +5.9 (2nd of 23),56-26 (2nd of 23),Championship +120,"The Forum Attendance: 708,477 (3rd of 23)"
https://www.basketball-reference.com/teams/LAL/1987.html,Los Angeles Lakers,1986-87,"65-17, Finished 1st in NBA Pacific Division",Pat Riley (65-17),Jerry West,117.8 (2nd of 23) Opp PTS/G: 108.5 (12th of 23),8.31 (1st of 23) Pace : 101.6 (10th of 23),115.6 (1st of 23) Def Rtg : 106.5 (7th of 23) Net Rtg : +9.1 (1st of 23),62-20 (1st of 23),Championship +400,"The Forum Attendance: 681,207 (3rd of 23)"
https://www.basketball-reference.com/teams/BOS/1986.html,Boston Celtics,1985-86,"67-15, Finished 1st in NBA Atlantic Division",K.C. Jones (67-15),Jan Volk,114.1 (8th of 23) Opp PTS/G: 104.7 (3rd of 23),9.06 (1st of 23) Pace : 101.2 (16th of 23),111.8 (3rd of 23) Def Rtg : 102.6 (1st of 23) Net Rtg : +9.2 (1st of 23),63-19 (1st of 23),Championship +250,"Boston Garden Attendance: 610,571 (4th of 23)"
https://www.basketball-reference.com/teams/LAL/1985.html,Los Angeles Lakers,1984-85,"62-20, Finished 1st in NBA Pacific Division",Pat Riley (62-20),Jerry West,118.2 (2nd of 23) Opp PTS/G: 110.9 (14th of 23),6.48 (2nd of 23) Pace : 103.2 (9th of 23),114.1 (1st of 23) Def Rtg : 107.0 (7th of 23) Net Rtg : +7.1 (1st of 23),58-24 (1st of 23),Championship +200,"The Forum Attendance: 610,361 (4th of 23)"
https://www.basketball-reference.com/teams/BOS/1984.html,Boston Celtics,1983-84,"62-20, Finished 1st in NBA Atlantic Division",K.C. Jones (62-20),Red Auerbach,112.1 (7th of 23) Opp PTS/G: 105.6 (4th of 23),6.42 (1st of 23) Pace : 99.7 (15th of 23),110.9 (6th of 23) Def Rtg : 104.4 (3rd of 23) Net Rtg : +6.5 (1st of 23),57-25 (1st of 23),,"Boston Garden Attendance: 606,857 (3rd of 23)"
https://www.basketball-reference.com/teams/PHI/1983.html,Philadelphia 76ers,1982-83,"65-17, Finished 1st in NBA Atlantic Division",Billy Cunningham (65-17),Pat Williams,112.1 (8th of 23) Opp PTS/G: 104.4 (7th of 23),7.53 (1st of 23) Pace : 102.7 (15th of 23),108.3 (5th of 23) Def Rtg : 100.9 (5th of 23) Net Rtg : +7.4 (1st of 23),60-22 (1st of 23),,"The Spectrum Attendance: 612,203 (2nd of 23)"
https://www.basketball-reference.com/teams/LAL/1982.html,Los Angeles Lakers,1981-82,"57-25, Finished 1st in NBA Pacific Division","Paul Westhead (7-4), Pat Riley (50-21)",Bill Sharman,114.6 (2nd of 23) Opp PTS/G: 109.8 (15th of 23),4.37 (4th of 23) Pace : 103.1 (4th of 23),110.2 (2nd of 23) Def Rtg : 105.5 (10th of 23) Net Rtg : +4.7 (4th of 23),53-29 (4th of 23),,"The Forum Attendance: 605,236 (3rd of 23)"
https://www.basketball-reference.com/teams/BOS/1981.html,Boston Celtics,1980-81,"62-20, Finished 1st in NBA Atlantic Division",Bill Fitch (62-20),Red Auerbach,109.9 (8th of 23) Opp PTS/G: 104.0 (2nd of 23),6.05 (3rd of 23) Pace : 100.8 (16th of 23),108.4 (5th of 23) Def Rtg : 102.6 (4th of 23) Net Rtg : +5.8 (3rd of 23),56-26 (3rd of 23),,"Boston Garden Attendance: 595,454 (2nd of 23)"
https://www.basketball-reference.com/teams/LAL/1980.html,Los Angeles Lakers,1979-80,"60-22, Finished 1st in NBA Pacific Division","Jack McKinney (10-4), Paul Westhead (50-18)",Bill Sharman,115.1 (2nd of 22) Opp PTS/G: 109.2 (11th of 22),5.40 (2nd of 22) Pace : 104.1 (8th of 22),109.5 (1st of 22) Def Rtg : 103.9 (9th of 22) Net Rtg : +5.6 (2nd of 22),55-27 (2nd of 22),,"The Forum Attendance: 582,882 (2nd of 2)"
https://www.basketball-reference.com/teams/SEA/1979.html,Seattle SuperSonics,1978-79,"52-30, Finished 1st in NBA Pacific Division",Lenny Wilkens (52-30),Zollie Volchok,106.6 (19th of 22) Opp PTS/G: 103.9 (1st of 22),2.69 (6th of 22) Pace : 103.4 (18th of 22),102.7 (14th of 22) Def Rtg : 100.1 (1st of 22) Net Rtg : +2.6 (6th of 22),48-34 (5th of 22),,
https://www.basketball-reference.com/teams/WSB/1978.html,Washington Bullets,1977-78,"44-38, Finished 2nd in NBA Central Division",Dick Motta (44-38),Bob Ferry,110.3 (7th of 22) Opp PTS/G: 109.4 (12th of 22),0.82 (7th of 22) Pace : 108.1 (11th of 22),101.3 (10th of 22) Def Rtg : 100.5 (9th of 22) Net Rtg : +0.9 (7th of 22),43-39 (7th of 22),,Capital Centre
https://www.basketball-reference.com/teams/POR/1977.html,Portland Trail Blazers,1976-77,"49-33, Finished 2nd in NBA Pacific Division",Jack Ramsay (49-33),,111.7 (3rd of 22) Opp PTS/G: 106.2 (9th of 22),5.39 (1st of 22) Pace : 108.0 (7th of 22),103.2 (2nd of 22) Def Rtg : 98.0 (5th of 22) Net Rtg : +5.2 (1st of 22),55-27 (1st of 22),,Memorial Coliseum
https://www.basketball-reference.com/teams/BOS/1976.html,Boston Celtics,1975-76,"54-28, Finished 1st in NBA Atlantic Division",Tom Heinsohn (54-28),Red Auerbach,106.2 (6th of 18) Opp PTS/G: 103.9 (6th of 18),2.25 (3rd of 18) Pace : 106.9 (7th of 18),98.9 (6th of 18) Def Rtg : 96.7 (3rd of 18) Net Rtg : +2.2 (4th of 18),47-35 (4th of 18),,"Boston Garden Attendance: 539,589 (1st of 2)"
https://www.basketball-reference.com/teams/NYA/1976.html,New York Nets,1975-76,"55-29, Finished 2nd in ABA",Kevin Loughery (55-29),Roy Boe,111.8 (5th of 9) Opp PTS/G: 108.8 (2nd of 9),2.56 (3rd of 9) Pace : 105.9 (5th of 9),104.4 (4th of 9) Def Rtg : 101.7 (1st of 9) Net Rtg : +2.8 (3rd of 9),50-34 (3rd of 9),,Nassau Veterans Memorial Coliseum
https://www.basketball-reference.com/teams/GSW/1975.html,Golden State Warriors,1974-75,"48-34, Finished 1st in NBA Pacific Division",Al Attles (48-34),Dick Vertlieb,108.5 (1st of 18) Opp PTS/G: 105.2 (14th of 18),2.86 (4th of 18) Pace : 107.6 (3rd of 18),100.4 (2nd of 18) Def Rtg : 97.3 (5th of 18) Net Rtg : +3.0 (4th of 18),50-32 (4th of 18),,Oakland-Alameda County Coliseum Arena
https://www.basketball-reference.com/teams/KEN/1975.html,Kentucky Colonels,1974-75,"58-26, Finished 1st in ABA Eastern Division",Hubie Brown (58-26),,108.9 (7th of 10) Opp PTS/G: 101.7 (1st of 10),6.24 (3rd of 10) Pace : 102.4 (7th of 10),105.3 (5th of 10) Def Rtg : 98.3 (1st of 10) Net Rtg : +7.0 (2nd of 10),61-23 (2nd of 10),,Freedom Hall
https://www.basketball-reference.com/teams/BOS/1974.html,Boston Celtics,1973-74,"56-26, Finished 1st in NBA Atlantic Division",Tom Heinsohn (56-26),Red Auerbach,109.0 (4th of 17) Opp PTS/G: 105.1 (7th of 17),3.42 (3rd of 17) Pace : 110.0 (5th of 17),98.6 (5th of 17) Def Rtg : 95.1 (6th of 17) Net Rtg : +3.5 (3rd of 17),51-31 (3rd of 17),,"Boston Garden Attendance: 355,261 (2nd of 2)"
https://www.basketball-reference.com/teams/NYA/1974.html,New York Nets,1973-74,"55-29, Finished 1st in ABA Eastern Division",Kevin Loughery (55-29),"Roy Boe , Dave DeBusschere",109.4 (3rd of 10) Opp PTS/G: 104.0 (3rd of 10),4.80 (1st of 10) Pace : 105.0 (2nd of 10),103.5 (4th of 10) Def Rtg : 98.4 (1st of 10) Net Rtg : +5.1 (1st of 10),56-28 (1st of 10),,Nassau Veterans Memorial Coliseum
https://www.basketball-reference.com/teams/NYK/1973.html,New York Knicks,1972-73,"57-25, Finished 2nd in NBA Atlantic Division",Red Holzman (57-25),Red Holzman,105.0 (11th of 17) Opp PTS/G: 98.2 (1st of 17),6.07 (4th of 17) Pace : 105.9 (16th of 17),98.9 (3rd of 17) Def Rtg : 92.5 (4th of 17) Net Rtg : +6.4 (4th of 17),59-23 (4th of 17),,Madison Square Garden (IV)
https://www.basketball-reference.com/teams/INA/1973.html,Indiana Pacers,1972-73,"51-33, Finished 2nd in ABA Western Division",Slick Leonard (51-33),,114.7 (3rd of 10) Opp PTS/G: 112.5 (6th of 10),1.97 (5th of 10) Pace : 112.7 (1st of 10),100.7 (7th of 10) Def Rtg : 98.8 (2nd of 10) Net Rtg : +1.9 (5th of 10),48-36 (5th of 10),,Indiana State Fair Coliseum
https://www.basketball-reference.com/teams/LAL/1972.html,Los Angeles Lakers,1971-72,"69-13, Finished 1st in NBA Pacific Division",Bill Sharman (69-13),Fred Schaus,121.0 (1st of 17) Opp PTS/G: 108.7 (6th of 17),11.65 (1st of 17) Pace : 116.9 (1st of 17),103.1 (1st of 17) Def Rtg : 92.6 (2nd of 17) Net Rtg : +10.5 (1st of 17),67-15 (1st of 17),,"The Forum Attendance: 668,340 (1st of 2)"
https://www.basketball-reference.com/teams/INA/1972.html,Indiana Pacers,1971-72,"47-37, Finished 2nd in ABA Western Division",Slick Leonard (47-37),,112.9 (6th of 11) Opp PTS/G: 110.3 (3rd of 11),2.72 (3rd of 11) Pace : 110.7 (8th of 11),101.1 (5th of 11) Def Rtg : 98.7 (2nd of 11) Net Rtg : +2.4 (3rd of 11),49-35 (3rd of 11),,Indiana State Fair Coliseum
https://www.basketball-reference.com/teams/MIL/1971.html,Milwaukee Bucks,1970-71,"66-16, Finished 1st in NBA Midwest Division",Larry Costello (66-16),Ray Patterson,118.4 (1st of 17) Opp PTS/G: 106.2 (3rd of 17),11.91 (1st of 17) Pace : 113.4 (12th of 17),103.9 (1st of 17) Def Rtg : 93.1 (1st of 17) Net Rtg : +10.8 (1st of 17),67-15 (1st of 17),,Milwaukee Arena
https://www.basketball-reference.com/teams/UTS/1971.html,Utah Stars,1970-71,"57-27, Finished 2nd in ABA Western Division",Bill Sharman (57-27),,119.0 (6th of 11) Opp PTS/G: 111.9 (3rd of 11),6.59 (1st of 11) Pace : 108.9 (8th of 11),108.7 (2nd of 11) Def Rtg : 102.2 (2nd of 11) Net Rtg : +6.5 (1st of 11),59-25 (1st of 11),,Salt Palace
https://www.basketball-reference.com/teams/NYK/1970.html,New York Knicks,1969-70,"60-22, Finished 1st in NBA Eastern Division",Red Holzman (60-22),"Eddie Donovan , Red Holzman",115.0 (9th of 14) Opp PTS/G: 105.9 (1st of 14),8.42 (1st of 14) Pace : 114.3 (12th of 14),100.3 (5th of 14) Def Rtg : 92.4 (1st of 14) Net Rtg : +7.9 (1st of 14),62-20 (1st of 14),,Madison Square Garden (IV)
https://www.basketball-reference.com/teams/INA/1970.html,Indiana Pacers,1969-70,"59-25, Finished 1st in ABA Eastern Division",Slick Leonard (59-25),,113.2 (6th of 11) Opp PTS/G: 109.8 (4th of 11),2.67 (2nd of 11) Pace : 106.7 (9th of 11),105.4 (2nd of 11) Def Rtg : 102.2 (6th of 11) Net Rtg : +3.2 (2nd of 11),51-33 (2nd of 11),,Indiana State Fair Coliseum
https://www.basketball-reference.com/teams/BOS/1969.html,Boston Celtics,1968-69,"48-34, Finished 4th in NBA Eastern Division",Bill Russell (48-34),Red Auerbach,111.0 (10th of 14) Opp PTS/G: 105.4 (2nd of 14),5.35 (2nd of 14) Pace : 117.5 (5th of 14),93.8 (10th of 14) Def Rtg : 89.1 (1st of 14) Net Rtg : +4.7 (2nd of 14),55-27 (2nd of 14),,"Boston Garden Attendance: 322,130 (2nd of 2)"
https://www.basketball-reference.com/teams/OAK/1969.html,Oakland Oaks,1968-69,"60-18, Finished 1st in ABA Western Division",Alex Hannum (60-18),,126.5 (1st of 11) Opp PTS/G: 118.1 (11th of 11),7.60 (1st of 11) Pace : 116.6 (1st of 11),107.9 (1st of 11) Def Rtg : 100.8 (1st of 11) Net Rtg : +7.2 (1st of 11),56-22 (1st of 11),,Oakland-Alameda County Coliseum Arena
https://www.basketball-reference.com/teams/BOS/1968.html,Boston Celtics,1967-68,"54-28, Finished 2nd in NBA Eastern Division",Bill Russell (54-28),Red Auerbach,116.1 (8th of 12) Opp PTS/G: 112.0 (2nd of 12),3.87 (3rd of 12) Pace : 121.1 (7th of 12),95.7 (8th of 12) Def Rtg : 92.4 (2nd of 12) Net Rtg : +3.4 (3rd of 12),51-31 (3rd of 12),,"Boston Garden Attendance: 320,788 (2nd of 2)"
https://www.basketball-reference.com/teams/PTP/1968.html,Pittsburgh Pipers,1967-68,"54-24, Finished 1st in ABA Eastern Division",Vince Cazzetta (54-24),,111.9 (1st of 11) Opp PTS/G: 108.7 (7th of 11),3.17 (4th of 11) Pace : 107.4 (5th of 11),103.8 (1st of 11) Def Rtg : 100.9 (5th of 11) Net Rtg : +3.0 (4th of 11),47-31 (4th of 11),,Pittsburgh Civic Arena
https://www.basketball-reference.com/teams/PHI/1967.html,Philadelphia 76ers,1966-67,"68-13, Finished 1st in NBA Eastern Division",Alex Hannum (68-13),Jack Ramsay,125.2 (1st of 10) Opp PTS/G: 115.8 (3rd of 10),8.50 (1st of 10) Pace : 122.9 (4th of 10),101.5 (1st of 10) Def Rtg : 93.9 (3rd of 10) Net Rtg : +7.7 (1st of 10),61-20 (1st of 10),,Convention Hall
https://www.basketball-reference.com/teams/BOS/1966.html,Boston Celtics,1965-66,"54-26, Finished 2nd in NBA Eastern Division",Red Auerbach (54-26),Red Auerbach,112.7 (7th of 9) Opp PTS/G: 107.8 (1st of 9),4.34 (1st of 9) Pace : 122.0 (5th of 9),92.3 (8th of 9) Def Rtg : 88.3 (1st of 9) Net Rtg : +4.0 (1st of 9),52-28 (1st of 9),,"Boston Garden Attendance: 246,189 (2nd of 2)"
https://www.basketball-reference.com/teams/BOS/1965.html,Boston Celtics,1964-65,"62-18, Finished 1st in NBA Eastern Division",Red Auerbach (62-18),Red Auerbach,112.8 (3rd of 9) Opp PTS/G: 104.4 (1st of 9),7.46 (1st of 9) Pace : 123.6 (1st of 9),90.9 (7th of 9) Def Rtg : 84.2 (1st of 9) Net Rtg : +6.8 (1st of 9),60-20 (1st of 9),,"Boston Garden Attendance: 246,529 (2nd of 2)"
https://www.basketball-reference.com/teams/BOS/1964.html,Boston Celtics,1963-64,"59-21, Finished 1st in NBA Eastern Division",Red Auerbach (59-21),Red Auerbach,113.0 (2nd of 9) Opp PTS/G: 105.1 (2nd of 9),6.93 (1st of 9) Pace : 125.0 (1st of 9),90.1 (9th of 9) Def Rtg : 83.8 (1st of 9) Net Rtg : +6.3 (1st of 9),59-21 (1st of 9),,"Boston Garden Attendance: 223,347 (2nd of 2)"
https://www.basketball-reference.com/teams/BOS/1963.html,Boston Celtics,1962-63,"58-22, Finished 1st in NBA Eastern Division",Red Auerbach (58-22),Red Auerbach,118.8 (3rd of 9) Opp PTS/G: 111.6 (2nd of 9),6.38 (1st of 9) Pace : 127.3 (1st of 9),93.0 (9th of 9) Def Rtg : 87.4 (1st of 9) Net Rtg : +5.6 (1st of 9),56-24 (1st of 9),,"Boston Garden Attendance: 262,581 (2nd of 2)"
https://www.basketball-reference.com/teams/BOS/1962.html,Boston Celtics,1961-62,"60-20, Finished 1st in NBA Eastern Division",Red Auerbach (60-20),Red Auerbach,121.1 (3rd of 9) Opp PTS/G: 111.8 (1st of 9),8.25 (1st of 9) Pace : 130.8 (2nd of 9),92.1 (7th of 9) Def Rtg : 85.1 (1st of 9) Net Rtg : +7.0 (1st of 9),60-20 (1st of 9),,"Boston Garden Attendance: 191,855 (1st of 2)"
https://www.basketball-reference.com/teams/BOS/1961.html,Boston Celtics,1960-61,"57-22, Finished 1st in NBA Eastern Division",Red Auerbach (57-22),Red Auerbach,119.7 (3rd of 8) Opp PTS/G: 114.1 (2nd of 8),4.94 (1st of 8) Pace : 134.4 (1st of 8),88.7 (8th of 8) Def Rtg : 84.5 (1st of 8) Net Rtg : +4.2 (1st of 8),52-27 (1st of 8),,"Boston Garden Attendance: 201,569 (1st of 2)"
https://www.basketball-reference.com/teams/BOS/1960.html,Boston Celtics,1959-60,"59-16, Finished 1st in NBA Eastern Division",Red Auerbach (59-16),Red Auerbach,124.5 (1st of 8) Opp PTS/G: 116.2 (5th of 8),7.62 (1st of 8) Pace : 136.3 (1st of 8),91.0 (5th of 8) Def Rtg : 84.9 (1st of 8) Net Rtg : +6.1 (1st of 8),54-21 (1st of 8),,"Boston Garden Attendance: 209,374 (1st of 1)"
https://www.basketball-reference.com/teams/BOS/1959.html,Boston Celtics,1958-59,"52-20, Finished 1st in NBA Eastern Division",Red Auerbach (52-20),Red Auerbach,116.4 (1st of 8) Opp PTS/G: 109.9 (6th of 8),5.84 (1st of 8) Pace : 128.7 (1st of 8),89.5 (5th of 8) Def Rtg : 84.5 (1st of 8) Net Rtg : +5.0 (1st of 8),50-22 (1st of 8),,"Boston Garden Attendance: 244,642 (1st of 1)"
https://www.basketball-reference.com/teams/STL/1958.html,St. Louis Hawks,1957-58,"41-31, Finished 1st in NBA Western Division",Alex Hannum (41-31),,107.5 (3rd of 8) Opp PTS/G: 106.2 (5th of 8),0.82 (4th of 8) Pace : 119.5 (3rd of 8),89.7 (3rd of 8) Def Rtg : 88.6 (5th of 8) Net Rtg : +1.1 (3rd of 8),39-33 (3rd of 8),,Kiel Auditorium
https://www.basketball-reference.com/teams/BOS/1957.html,Boston Celtics,1956-57,"44-28, Finished 1st in NBA Eastern Division",Red Auerbach (44-28),Red Auerbach,105.5 (1st of 8) Opp PTS/G: 100.2 (5th of 8),4.78 (1st of 8) Pace : 118.0 (1st of 8),88.5 (5th of 8) Def Rtg : 84.0 (1st of 8) Net Rtg : +4.5 (1st of 8),49-23 (1st of 8),,"Boston Garden Attendance: 262,918 (1st of 1)"
https://www.basketball-reference.com/teams/PHW/1956.html,Philadelphia Warriors,1955-56,"45-27, Finished 1st in NBA Eastern Division",George Senesky (45-27),Eddie Gottlieb,103.1 (2nd of 8) Opp PTS/G: 98.8 (5th of 8),3.82 (1st of 8) Pace : 108.5 (4th of 8),94.6 (1st of 8) Def Rtg : 90.7 (5th of 8) Net Rtg : +3.9 (1st of 8),46-26 (1st of 8),,Convention Hall
https://www.basketball-reference.com/teams/SYR/1955.html,Syracuse Nationals,1954-55,"43-29, Finished 1st in NBA Eastern Division",Al Cervi (43-29),Danny Biasone,91.1 (6th of 8) Opp PTS/G: 89.7 (1st of 8),1.23 (2nd of 8) Pace : 103.6 (3rd of 8),87.5 (7th of 8) Def Rtg : 86.2 (1st of 8) Net Rtg : +1.3 (2nd of 8),40-32 (2nd of 8),,Onondaga War Memorial
https://www.basketball-reference.com/teams/MNL/1954.html,Minneapolis Lakers,1953-54,"46-26, Finished 1st in NBA Western Division",John Kundla (46-26),,81.7 (3rd of 9) Opp PTS/G: 78.6 (4th of 9),2.71 (2nd of 9) Pace : 93.5 (2nd of 9),86.8 (5th of 9) Def Rtg : 83.5 (2nd of 9) Net Rtg : +3.2 (2nd of 9),45-27 (2nd of 9),,Minneapolis Auditorium
https://www.basketball-reference.com/teams/MNL/1953.html,Minneapolis Lakers,1952-53,"48-22, Finished 1st in NBA Western Division",John Kundla (48-22),,85.3 (5th of 10) Opp PTS/G: 79.2 (3rd of 10),5.54 (1st of 10) Pace : 93.7 (5th of 10),90.1 (4th of 10) Def Rtg : 83.6 (1st of 10) Net Rtg : +6.5 (1st of 10),52-18 (1st of 10),,Minneapolis Auditorium
https://www.basketball-reference.com/teams/MNL/1952.html,Minneapolis Lakers,1951-52,"40-26, Finished 2nd in NBA Western Division",John Kundla (40-26),,85.6 (5th of 10) Opp PTS/G: 79.5 (1st of 10),5.28 (1st of 10) Pace : 97.2 (3rd of 10),85.3 (7th of 10) Def Rtg : 79.3 (1st of 10) Net Rtg : +6.0 (1st of 10),49-17 (1st of 10),,Minneapolis Auditorium
https://www.basketball-reference.com/teams/ROC/1951.html,Rochester Royals,1950-51,"41-27, Finished 2nd in NBA Western Division",Les Harrison (41-27),,84.6 (5th of 11) Opp PTS/G: 81.7 (3rd of 11),2.54 (3rd of 11) Pace : 92.3 (11th of 11),89.3 (1st of 11) Def Rtg : 86.2 (7th of 11) Net Rtg : +3.2 (3rd of 11),42-26 (3rd of 11),,Edgerton Park Arena
https://www.basketball-reference.com/teams/MNL/1950.html,Minneapolis Lakers,1949-50,"51-17, Finished 1st in NBA Central Division",John Kundla (51-17),,84.1 (4th of 17) Opp PTS/G: 75.7 (2nd of 17),8.25 (1st of 17) Pace,Def Rtg : Net Rtg,55-13 (1st of 17),,Minneapolis Auditorium
https://www.basketball-reference.com/teams/MNL/1949.html,Minneapolis Lakers,1948-49,"44-16, Finished 2nd in BAA Western Division",John Kundla (44-16),,84.0 (1st of 12) Opp PTS/G: 76.7 (1st of 12),6.80 (1st of 12) Pace,Def Rtg : Net Rtg,47-13 (1st of 12),,Minneapolis Auditorium
https://www.basketball-reference.com/teams/BLB/1948.html,Baltimore Bullets,1947-48,"28-20, Finished 2nd in BAA Western Division",Buddy Jeannette (28-20),,74.4 (3rd of 8) Opp PTS/G: 70.5 (2nd of 8),3.69 (1st of 8) Pace,Def Rtg : Net Rtg,33-15 (1st of 8),,Baltimore Coliseum
https://www.basketball-reference.com/teams/PHW/1947.html,Philadelphia Warriors,1946-47,"35-25, Finished 2nd in BAA Eastern Division",Eddie Gottlieb (35-25),,68.6 (5th of 11) Opp PTS/G: 65.2 (5th of 11),3.16 (3rd of 11) Pace,Def Rtg : Net Rtg,40-20 (2nd of 11),,Philadelphia Arena
https://www.basketball-reference.com/teams/TOR/2026.html,Toronto Raptors,2025-26,"0-0, in NBA Eastern Conference",,,,,,,Championship +20000,Scotiabank Arena
https://www.basketball-reference.com/teams/BOS/2026.html,Boston Celtics,2025-26,"0-0, in NBA Eastern Conference",,,,,,,Championship +1600,TD Garden
https://www.basketball-reference.com/teams/NYK/2026.html,New York Knicks,2025-26,"0-0, in NBA Eastern Conference",,,,,,,Championship +700,Madison Square Garden (IV)
https://www.basketball-reference.com/teams/BRK/2026.html,Brooklyn Nets,2025-26,"0-0, in NBA Eastern Conference",,,,,,,Championship +50000,Barclays Center
https://www.basketball-reference.com/teams/PHI/2026.html,Philadelphia 76ers,2025-26,"0-0, in NBA Eastern Conference",,,,,,,Championship +3500,Xfinity Mobile Arena
https://www.basketball-reference.com/teams/CLE/2026.html,Cleveland Cavaliers,2025-26,"0-0, in NBA Eastern Conference",,,,,,,Championship +700,Rocket Arena
https://www.basketball-reference.com/teams/IND/2026.html,Indiana Pacers,2025-26,"0-0, in NBA Eastern Conference",,,,,,,Championship +6600,Gainbridge Fieldhouse
https://www.basketball-reference.com/teams/DET/2026.html,Detroit Pistons,2025-26,"0-0, in NBA Eastern Conference",,,,,,,Championship +6600,Little Caesars Arena
https://www.basketball-reference.com/teams/CHI/2026.html,Chicago Bulls,2025-26,"0-0, in NBA Eastern Conference",,,,,,,Championship +30000,United Center
https://www.basketball-reference.com/teams/MIL/2026.html,Milwaukee Bucks,2025-26,"0-0, in NBA Eastern Conference",,,,,,,Championship +10000,Fiserv Forum
https://www.basketball-reference.com/teams/MIA/2026.html,Miami Heat,2025-26,"0-0, in NBA Eastern Conference",,,,,,,Championship +25000,Kaseya Center
https://www.basketball-reference.com/teams/ATL/2026.html,Atlanta Hawks,2025-26,"0-0, in NBA Eastern Conference",,,,,,,Championship +25000,State Farm Arena
https://www.basketball-reference.com/teams/CHO/2026.html,Charlotte Hornets,2025-26,"0-0, in NBA Eastern Conference",,,,,,,Championship +50000,Spectrum Center
https://www.basketball-reference.com/teams/WAS/2026.html,Washington Wizards,2025-26,"0-0, in NBA Eastern Conference",,,,,,,Championship +100000,Capital One Arena
https://www.basketball-reference.com/teams/ORL/2026.html,Orlando Magic,2025-26,"0-0, in NBA Eastern Conference",,,,,,,Championship +1800,Kia Center
https://www.basketball-reference.com/teams/OKC/2026.html,Oklahoma City Thunder,2025-26,"0-0, in NBA Western Conference",,,,,,,Championship +240,Paycom Center
https://www.basketball-reference.com/teams/POR/2026.html,Portland Trail Blazers,2025-26,"0-0, in NBA Western Conference",,,,,,,Championship +50000,Moda Center
https://www.basketball-reference.com/teams/UTA/2026.html,Utah Jazz,2025-26,"0-0, in NBA Western Conference",,,,,,,Championship +100000,Delta Center
https://www.basketball-reference.com/teams/DEN/2026.html,Denver Nuggets,2025-26,"0-0, in NBA Western Conference",,,,,,,Championship +1600,Ball Arena
https://www.basketball-reference.com/teams/MIN/2026.html,Minnesota Timberwolves,2025-26,"0-0, in NBA Western Conference",,,,,,,Championship +1400,Target Center
https://www.basketball-reference.com/teams/GSW/2026.html,Golden State Warriors,2025-26,"0-0, in NBA Western Conference",,,,,,,Championship +3000,Chase Center
https://www.basketball-reference.com/teams/LAC/2026.html,Los Angeles Clippers,2025-26,"0-0, in NBA Western Conference",,,,,,,Championship +2500,Intuit Dome
https://www.basketball-reference.com/teams/SAC/2026.html,Sacramento Kings,2025-26,"0-0, in NBA Western Conference",,,,,,,Championship +30000,Golden 1 Center
https://www.basketball-reference.com/teams/PHO/2026.html,Phoenix Suns,2025-26,"0-0, in NBA Western Conference",,,,,,,Championship +30000,PHX Arena
https://www.basketball-reference.com/teams/LAL/2026.html,Los Angeles Lakers,2025-26,"0-0, in NBA Western Conference",,,,,,,Championship +1500,Crypto.com Arena
https://www.basketball-reference.com/teams/SAS/2026.html,San Antonio Spurs,2025-26,"0-0, in NBA Western Conference",,,,,,,Championship +2500,Frost Bank Center
https://www.basketball-reference.com/teams/DAL/2026.html,Dallas Mavericks,2025-26,"0-0, in NBA Western Conference",,,,,,,Championship +3500,American Airlines Center
https://www.basketball-reference.com/teams/MEM/2026.html,Memphis Grizzlies,2025-26,"0-0, in NBA Western Conference",,,,,,,Championship +15000,FedExForum
https://www.basketball-reference.com/teams/HOU/2026.html,Houston Rockets,2025-26,"0-0, in NBA Western Conference",,,,,,,Championship +800,Toyota Center
https://www.basketball-reference.com/teams/NOP/2026.html,New Orleans Pelicans,2025-26,"0-0, in NBA Western Conference",,,,,,,Championship +25000,Smoothie King Center
https://www.basketball-reference.com/teams/BOS/2025_games.html,Boston Celtics,2024-25,"61-21, Finished 2nd in NBA Eastern Conference",Joe Mazzulla (61-21),Brad Stevens,116.3 (8th of 30) Opp PTS/G: 107.2 (2nd of 30),8.28 (3rd of 30) Pace : 95.7 (30th of 30),120.6 (2nd of 30) Def Rtg : 111.1 (5th of 30) Net Rtg : +9.4 (3rd of 30),62-20 (2nd of 30),"Championship +325 , Over-Under 58.5","TD Garden Attendance: 785,396 (8th of 30)"
