,Season,League,Player_id,Age,Team_id,Game,Minutes Played Per Game,Points Per Game,Total Rebounds Per Game,Assists Per Game,Steals Per Game,Blocks Per Game,Field Goal Percentage,3-Point Field Goal Percentage,Free Throw Percentage,Win Shares,Win Shares Per 48 Minutes
0,2024-25,NBA,gilgesh01,26,OKC,76,34.2,32.7,5,6.4,1.7,1,0.519,0.375,0.898,16.7,0.309
1,2023-24,NBA,jokicni01,28,DEN,79,34.6,26.4,12.4,9,1.4,0.9,0.583,0.359,0.817,17,0.299
2,2022-23,NBA,embiijo01,28,PHI,66,34.6,33.1,10.2,4.2,1,1.7,0.548,0.33,0.857,12.3,0.259
3,2021-22,NBA,jokicni01,26,DEN,74,33.5,27.1,13.8,7.9,1.5,0.9,0.583,0.337,0.81,15.2,0.296
4,2020-21,NBA,jokicni01,25,DEN,72,34.6,26.4,10.8,8.3,1.3,0.7,0.566,0.388,0.868,15.6,0.301
5,2019-20,NBA,antetgi01,25,MIL,63,30.4,29.5,13.6,5.6,1,1,0.553,0.304,0.633,11.1,0.279
6,2018-19,NBA,antetgi01,24,MIL,72,32.8,27.7,12.5,5.9,1.3,1.5,0.578,0.256,0.729,14.4,0.292
7,2017-18,NBA,hardeja01,28,HOU,72,35.4,30.4,5.4,8.8,1.8,0.7,0.449,0.367,0.858,15.4,0.289
8,2016-17,NBA,westbru01,28,OKC,81,34.6,31.6,10.7,10.4,1.6,0.4,0.425,0.343,0.845,13.1,0.224
9,2015-16,NBA,curryst01,27,GSW,79,34.2,30.1,5.4,6.7,2.1,0.2,0.504,0.454,0.908,17.9,0.318
10,2014-15,NBA,curryst01,26,GSW,80,32.7,23.8,4.3,7.7,2,0.2,0.487,0.443,0.914,15.7,0.288
11,2013-14,NBA,duranke01,25,OKC,81,38.5,32,7.4,5.5,1.3,0.7,0.503,0.391,0.873,19.2,0.295
12,2012-13,NBA,jamesle01,28,MIA,76,37.9,26.8,8,7.3,1.7,0.9,0.565,0.406,0.753,19.3,0.322
13,2011-12,NBA,jamesle01,27,MIA,62,37.5,27.1,7.9,6.2,1.9,0.8,0.531,0.362,0.771,14.5,0.298
14,2010-11,NBA,rosede01,22,CHI,81,37.4,25,4.1,7.7,1,0.6,0.445,0.332,0.858,13.1,0.208
15,2009-10,NBA,jamesle01,25,CLE,76,39,29.7,7.3,8.6,1.6,1,0.503,0.333,0.767,18.5,0.299
16,2008-09,NBA,jamesle01,24,CLE,81,37.7,28.4,7.6,7.2,1.7,1.1,0.489,0.344,0.78,20.3,0.318
17,2007-08,NBA,bryanko01,29,LAL,82,38.9,28.3,6.3,5.4,1.8,0.5,0.459,0.361,0.84,13.8,0.208
18,2006-07,NBA,nowitdi01,28,DAL,78,36.2,24.6,8.9,3.4,0.7,0.8,0.502,0.416,0.904,16.3,0.278
19,2005-06,NBA,nashst01,31,PHO,79,35.4,18.8,4.2,10.5,0.8,0.2,0.512,0.439,0.921,12.4,0.212
20,2004-05,NBA,nashst01,30,PHO,75,34.3,15.5,3.3,11.5,1,0.1,0.502,0.431,0.887,10.9,0.203
21,2003-04,NBA,garneke01,27,MIN,82,39.4,24.2,13.9,5,1.5,2.2,0.499,0.256,0.791,18.3,0.272
22,2002-03,NBA,duncati01,26,SAS,81,39.3,23.3,12.9,3.9,0.7,2.9,0.513,0.273,0.71,16.5,0.248
23,2001-02,NBA,duncati01,25,SAS,82,40.6,25.5,12.7,3.7,0.7,2.5,0.508,0.1,0.799,17.8,0.257
24,2000-01,NBA,iversal01,25,PHI,71,42,31.1,3.8,4.6,2.5,0.3,0.42,0.32,0.814,11.8,0.19
25,1999-00,NBA,onealsh01,27,LAL,79,40,29.7,13.6,3.8,0.5,3,0.574,0,0.524,18.6,0.283
26,1998-99,NBA,malonka01,35,UTA,49,37.4,23.8,9.4,4.1,1.3,0.6,0.493,0,0.788,9.6,0.252
27,1997-98,NBA,jordami01,34,CHI,82,38.8,28.7,5.8,3.5,1.7,0.5,0.465,0.238,0.784,15.8,0.238
28,1996-97,NBA,malonka01,33,UTA,82,36.6,27.4,9.9,4.5,1.4,0.6,0.55,0,0.755,16.7,0.268
29,1995-96,NBA,jordami01,32,CHI,82,37.7,30.4,6.6,4.3,2.2,0.5,0.495,0.427,0.834,20.4,0.317
30,1994-95,NBA,robinda01,29,SAS,81,38,27.6,10.8,2.9,1.7,3.2,0.53,0.3,0.774,17.5,0.273
31,1993-94,NBA,olajuha01,31,HOU,80,41,27.3,11.9,3.6,1.6,3.7,0.528,0.421,0.716,14.3,0.21
32,1992-93,NBA,barklch01,29,PHO,76,37.6,25.6,12.2,5.1,1.6,1,0.52,0.305,0.765,14.4,0.242
33,1991-92,NBA,jordami01,28,CHI,80,38.8,30.1,6.4,6.1,2.3,0.9,0.519,0.27,0.832,17.7,0.274
34,1990-91,NBA,jordami01,27,CHI,82,37,31.5,6,5.5,2.7,1,0.539,0.312,0.851,20.3,0.321
35,1989-90,NBA,johnsma02,30,LAL,79,37.2,22.3,6.6,11.5,1.7,0.4,0.48,0.384,0.89,16.5,0.27
36,1988-89,NBA,johnsma02,29,LAL,77,37.5,22.5,7.9,12.8,1.8,0.3,0.509,0.314,0.911,16.1,0.267
37,1987-88,NBA,jordami01,24,CHI,82,40.4,35,5.5,5.9,3.2,1.6,0.535,0.132,0.841,21.2,0.308
38,1986-87,NBA,johnsma02,27,LAL,80,36.3,23.9,6.3,12.2,1.7,0.5,0.522,0.205,0.848,15.9,0.263
39,1985-86,NBA,birdla01,29,BOS,82,38,25.8,9.8,6.8,2,0.6,0.496,0.423,0.896,15.8,0.244
40,1984-85,NBA,birdla01,28,BOS,80,39.5,28.7,10.5,6.6,1.6,1.2,0.522,0.427,0.882,15.7,0.238
41,1983-84,NBA,birdla01,27,BOS,79,38.3,24.2,10.1,6.6,1.8,0.9,0.492,0.247,0.888,13.6,0.215
42,1982-83,NBA,malonmo01,27,PHI,78,37.5,24.5,15.3,1.3,1.1,2,0.501,0,0.761,15.1,0.248
43,1981-82,NBA,malonmo01,26,HOU,81,42,31.1,14.7,1.8,0.9,1.5,0.519,0,0.762,15.4,0.218
44,1980-81,NBA,ervinju01,30,PHI,82,35,24.6,8,4.4,2.1,1.8,0.521,0.222,0.787,13.8,0.231
45,1979-80,NBA,abdulka01,32,LAL,82,38.3,24.8,10.8,4.5,1,3.4,0.604,0,0.765,14.8,0.227
46,1978-79,NBA,malonmo01,23,HOU,82,41.3,24.8,17.6,1.8,1,1.5,0.54,,0.739,14.1,0.2
47,1977-78,NBA,waltobi01,25,POR,58,33.3,18.9,13.2,5,1,2.5,0.522,,0.72,8.4,0.209
48,1976-77,NBA,abdulka01,29,LAL,82,36.8,26.2,13.3,3.9,1.2,3.2,0.579,,0.701,17.8,0.283
49,1975-76,NBA,abdulka01,28,LAL,82,41.2,27.7,16.9,5,1.5,4.1,0.529,,0.703,17,0.242
50,1974-75,NBA,mcadobo01,23,BUF,82,43.2,34.5,14.1,2.2,1.1,2.1,0.512,,0.805,17.8,0.242
51,1973-74,NBA,abdulka01,26,MIL,81,43.8,27,14.5,4.8,1.4,3.5,0.539,,0.702,18.4,0.25
52,1972-73,NBA,cowenda01,24,BOS,82,41.8,20.5,16.2,4.1,,,0.452,,0.779,12,0.168
53,1971-72,NBA,abdulka01,24,MIL,81,44.2,34.8,16.6,4.6,,,0.574,,0.689,25.4,0.34
54,1970-71,NBA,abdulka01,23,MIL,82,40.1,31.7,16,3.3,,,0.577,,0.69,22.3,0.326
55,1969-70,NBA,reedwi01,27,NYK,81,38.1,21.7,13.9,2,,,0.507,,0.756,14.6,0.227
56,1968-69,NBA,unselwe01,22,BAL,82,36.2,13.8,18.2,2.6,,,0.476,,0.605,10.8,0.175
57,1967-68,NBA,chambwi01,31,PHI,82,46.8,24.3,23.8,8.6,,,0.595,,0.38,20.4,0.255
58,1966-67,NBA,chambwi01,30,PHI,81,45.5,24.1,24.2,7.8,,,0.683,,0.441,21.9,0.285
59,1965-66,NBA,chambwi01,29,PHI,79,47.3,33.5,24.6,5.2,,,0.54,,0.513,21.4,0.275
60,1964-65,NBA,russebi01,30,BOS,78,44.4,14.1,24.1,5.3,,,0.438,,0.573,16.9,0.233
61,1963-64,NBA,roberos01,25,CIN,79,45.1,31.4,9.9,11,,,0.483,,0.853,20.6,0.278
62,1962-63,NBA,russebi01,28,BOS,78,44.9,16.8,23.6,4.5,,,0.432,,0.555,13.5,0.185
63,1961-62,NBA,russebi01,27,BOS,76,45.2,18.9,23.6,4.5,,,0.457,,0.595,15.5,0.217
64,1960-61,NBA,russebi01,26,BOS,78,44.3,16.9,23.9,3.4,,,0.426,,0.55,13,0.181
65,1959-60,NBA,chambwi01,23,PHW,72,46.4,37.6,27,2.3,,,0.461,,0.582,17,0.245
66,1958-59,NBA,pettibo01,26,STL,72,39.9,29.2,16.4,3.1,,,0.438,,0.759,14.8,0.246
67,1957-58,NBA,russebi01,23,BOS,69,38.3,16.6,22.7,2.9,,,0.442,,0.519,11.3,0.206
68,1956-57,NBA,cousybo01,28,BOS,64,36.9,20.6,4.8,7.5,,,0.378,,0.821,8.8,0.178
69,1955-56,NBA,pettibo01,23,STL,72,38.8,25.7,16.2,2.6,,,0.429,,0.736,13.8,0.236
